-- phpMyAdmin SQL Dump
-- version 4.5.1
-- http://www.phpmyadmin.net
--
-- Host: 127.0.0.1
-- Generation Time: Dec 01, 2016 at 03:23 PM
-- Server version: 10.1.16-MariaDB
-- PHP Version: 5.6.24

SET SQL_MODE = "NO_AUTO_VALUE_ON_ZERO";
SET time_zone = "+00:00";


/*!40101 SET @OLD_CHARACTER_SET_CLIENT=@@CHARACTER_SET_CLIENT */;
/*!40101 SET @OLD_CHARACTER_SET_RESULTS=@@CHARACTER_SET_RESULTS */;
/*!40101 SET @OLD_COLLATION_CONNECTION=@@COLLATION_CONNECTION */;
/*!40101 SET NAMES utf8mb4 */;

--
-- Database: `skripsi`
--

-- --------------------------------------------------------

--
-- Table structure for table `courses`
--

CREATE TABLE `courses` (
  `id` int(10) UNSIGNED NOT NULL,
  `code_courses` varchar(255) COLLATE utf8_unicode_ci NOT NULL,
  `name` varchar(255) COLLATE utf8_unicode_ci NOT NULL,
  `sks` varchar(255) COLLATE utf8_unicode_ci NOT NULL,
  `semester` varchar(255) COLLATE utf8_unicode_ci NOT NULL,
  `type` varchar(255) COLLATE utf8_unicode_ci NOT NULL,
  `created_at` timestamp NULL DEFAULT NULL,
  `updated_at` timestamp NULL DEFAULT NULL
) ENGINE=InnoDB DEFAULT CHARSET=utf8 COLLATE=utf8_unicode_ci;

--
-- Dumping data for table `courses`
--

INSERT INTO `courses` (`id`, `code_courses`, `name`, `sks`, `semester`, `type`, `created_at`, `updated_at`) VALUES
(5, '08030301', 'Algoritma Paralel', '2', 'Genap', 'Praktikum', '2016-11-04 02:05:25', '2016-11-04 02:05:25'),
(6, '08030202', 'Algoritma dan Pemrograman Informatika II', '2', 'Genap', 'Praktikum', '2016-11-04 02:06:17', '2016-11-04 02:06:40'),
(7, '08030601', 'Animasi Komputer', '2', 'Genap', 'Praktikum', '2016-11-04 02:07:38', '2016-11-04 02:07:38'),
(8, '08030302', 'Bahasa dan Automata', '3', 'Genap', 'Teori', '2016-11-04 02:08:26', '2016-11-04 02:08:26'),
(9, '08030602', 'Cloud Computing', '2', 'Genap', 'Teori', '2016-11-04 02:09:18', '2016-11-04 02:09:18'),
(10, '08020501', 'Etika Profesi Teknologi Informasi', '2', 'Genap', 'Teori', '2016-11-04 02:10:06', '2016-11-04 02:10:06'),
(11, '08030305	', 'Interaksi Manusia dan Komputer', '3', 'Genap', 'Teori', '2016-11-04 02:10:58', '2016-11-04 02:10:58'),
(12, '08030605	', 'Interface dan Peripheral', '2', 'Genap', 'Teori', '2016-11-04 02:11:33', '2016-11-04 02:11:33'),
(13, '08030606	', 'Jaringan Nirkabel dan Komputasi Bergerak', '2', 'Genap', 'Teori', '2016-11-04 02:12:02', '2016-11-04 02:12:02'),
(14, '08030306	', 'Kecerdasan Buatan dan Logika Fuzzy', '2', 'Genap', 'Teori', '2016-11-04 02:12:35', '2016-11-04 02:12:35'),
(15, '08020502	', 'Ketrampilan Berkomunikasi', '2', 'Genap', 'Teori', '2016-11-04 02:12:58', '2016-11-04 02:12:58'),
(16, '08030502', 'Komputer dan Masyarakat', '3', 'Genap', 'Teori', '2016-11-04 02:13:22', '2016-11-04 02:13:22'),
(17, '08030208	', 'Komunikasi Data dan Jaringan Komputer', '4', 'Genap', 'Teori', '2016-11-04 02:13:45', '2016-11-04 02:13:45'),
(18, '08030608	', 'Komunikasi Serat Optik', '2', 'Genap', 'Teori', '2016-11-04 02:14:08', '2016-11-04 02:14:08'),
(19, '08030221', 'Konsep Struktur Data dan Algoritma', '2', 'Genap', 'Teori', '2016-11-04 02:14:40', '2016-11-04 02:14:40'),
(20, '08030609	', 'Kriptografi', '2', 'Genap', 'Teori', '2016-11-04 02:15:12', '2016-11-04 02:15:12'),
(21, '08030210', 'Logika Informatika', '2', 'Genap', 'Teori', '2016-11-04 02:15:43', '2016-11-04 02:15:43'),
(22, '08030307	', 'Manajemen Proyek Teknologi Informasi', '2', 'Genap', 'Teori', '2016-11-04 02:16:07', '2016-11-04 02:16:07'),
(23, '08030207	', 'Matematika Lanjut II', '2', 'Genap', 'Teori', '2016-11-04 02:16:28', '2016-11-04 02:16:28'),
(24, '08030212	', 'Matematika Lanjut III', '3', 'Genap', 'Teori', '2016-11-04 02:18:25', '2016-11-04 02:18:25'),
(25, '08030211	', 'Matematika Teknologi Informasi II', '2', 'Genap', 'Teori', '2016-11-04 02:18:46', '2016-11-04 02:18:46'),
(26, '08030308	', 'Metodologi Penelitian Teknologi Informasi', '3', 'Genap', 'Teori', '2016-11-04 02:19:09', '2016-11-04 02:19:09'),
(27, '08030310	', 'Pemrograman Bergerak', '2', 'Genap', 'Teori', '2016-11-04 02:19:41', '2016-11-04 02:19:41'),
(28, '08020317	', 'Pemrograman Berorientasi Objek', '2', 'Genap', 'Teori', '2016-11-04 02:20:04', '2016-11-04 02:20:04'),
(29, '08030312	', 'Pemrograman Game', '2', 'Genap', 'Teori', '2016-11-04 02:20:29', '2016-11-04 02:20:29'),
(30, '08030611	', 'Pemrograman Jaringan', '2', 'Genap', 'Teori', '2016-11-04 02:20:56', '2016-11-04 02:20:56'),
(31, '08020346	', 'Pemrograman Visual', '2', 'Genap', 'Teori', '2016-11-04 02:21:17', '2016-11-04 02:21:17'),
(32, '08030315	', 'Pemrograman Web', '2', 'Genap', 'Praktikum', '2016-11-04 02:21:46', '2016-11-04 02:21:46'),
(33, '08030316	', 'Pengelolaan Instalasi Komputer', '2', 'Genap', 'Praktikum', '2016-11-04 02:22:05', '2016-11-04 02:22:20'),
(34, '08030317	', 'Pengolahan Citra  dan Pengenalan Pola', '2', 'Genap', 'Praktikum', '2016-11-04 02:22:33', '2016-11-04 02:22:33'),
(35, '08030604	', 'Perancangan dan Manajemen Jaringan', '2', 'Genap', 'Teori', '2016-11-04 02:23:07', '2016-11-04 02:23:07'),
(36, '08030216	', 'Praktikum Algoritma dan Pemrograman Informatika II ', '1', 'Genap', 'Praktikum', '2016-11-04 02:23:39', '2016-11-04 02:23:39'),
(37, '08030320	', 'Praktikum E-Business', '1', 'Genap', 'Praktikum', '2016-11-04 02:24:24', '2016-11-04 02:24:24'),
(38, '08030219	', 'Praktikum Konsep Struktur Data dan Algoritma', '1', 'Genap', 'Praktikum', '2016-11-04 02:24:44', '2016-11-04 02:24:44'),
(39, '08020318	', 'Praktikum Pemrograman Berorientasi Objek', '1', 'Genap', 'Praktikum', '2016-11-04 02:25:06', '2016-11-04 02:25:06'),
(40, '08020347	', 'Praktikum Pemrograman Visual', '1', 'Genap', 'Praktikum', '2016-11-04 02:25:24', '2016-11-04 02:25:24'),
(41, '08030324', 'Praktikum Pemrograman Web', '1', 'Genap', 'Praktikum', '2016-11-04 02:25:56', '2016-11-04 02:25:56'),
(42, '08030325	', 'Praktikum Pengelolaan Instalasi Komputer', '1', 'Genap', 'Praktikum', '2016-11-04 02:26:16', '2016-11-04 02:26:16'),
(43, '08030218	', 'Praktikum Rangkaian Sistem Digital', '1', 'Genap', 'Praktikum', '2016-11-04 02:26:41', '2016-11-04 02:26:41'),
(44, '08020349	', 'Praktikum Sistem Operasi', '1', 'Ganjil', 'Praktikum', '2016-11-04 02:27:05', '2016-11-04 02:27:05'),
(45, '08030326	', 'Rekayasa Perangkat Lunak', '4', 'Genap', 'Teori', '2016-11-04 02:27:39', '2016-11-04 02:27:39'),
(46, '08030613	', 'Sistem Berbasis Pengetahuan dan Sistem Cerdas', '2', 'Genap', 'Teori', '2016-11-04 02:28:07', '2016-11-04 02:28:07'),
(47, '08030615	', 'Sistem Jaringan Saraf Tiruan', '2', 'Genap', 'Praktikum', '2016-11-04 02:28:47', '2016-11-04 02:28:47'),
(48, '08030617', '	Sistem Penunjang Keputusan', '2', 'Genap', 'Teori', '2016-11-04 02:29:06', '2016-11-04 02:29:06'),
(49, '08030220	', 'Statistika dan Probabilitas', '2', 'Genap', 'Teori', '2016-11-04 02:29:25', '2016-11-04 02:29:25'),
(50, '08030222	', 'Teknik Simulasi dan Pemodelan', '3', 'Genap', 'Teori', '2016-11-04 02:29:54', '2016-11-04 02:29:54'),
(51, '08030614	', 'Teknologi Sistem Informasi Geografis', '2', 'Genap', 'Teori', '2016-11-04 02:30:11', '2016-11-04 02:30:11'),
(52, '08030603	', 'Computer Vision', '2', 'Genap', 'Praktikum', '2016-11-04 03:45:05', '2016-11-04 03:45:05'),
(53, '08030213', 'Rangkaian Sistem Digital', '2', 'Genap', 'Teori', '2016-11-26 02:30:03', '2016-11-26 02:30:03');

-- --------------------------------------------------------

--
-- Table structure for table `days`
--

CREATE TABLE `days` (
  `id` int(10) UNSIGNED NOT NULL,
  `code_days` varchar(255) COLLATE utf8_unicode_ci NOT NULL,
  `name_day` varchar(255) COLLATE utf8_unicode_ci NOT NULL,
  `created_at` timestamp NULL DEFAULT NULL,
  `updated_at` timestamp NULL DEFAULT NULL
) ENGINE=InnoDB DEFAULT CHARSET=utf8 COLLATE=utf8_unicode_ci;

--
-- Dumping data for table `days`
--

INSERT INTO `days` (`id`, `code_days`, `name_day`, `created_at`, `updated_at`) VALUES
(4, '6', 'Sabtu', '2016-11-04 01:32:47', '2016-11-04 01:32:47'),
(5, '5', 'Jumat', '2016-11-04 01:32:54', '2016-11-04 01:32:54'),
(6, '4', 'Kamis', '2016-11-04 01:33:10', '2016-11-04 01:33:10'),
(7, '3', 'Rabu', '2016-11-04 01:33:22', '2016-11-04 01:33:22'),
(8, '2', 'Selasa', '2016-11-04 01:33:32', '2016-11-04 01:33:32'),
(9, '1', 'Senin', '2016-11-04 01:33:45', '2016-11-04 01:33:45');

-- --------------------------------------------------------

--
-- Table structure for table `lecturers`
--

CREATE TABLE `lecturers` (
  `id` int(10) UNSIGNED NOT NULL,
  `code_lecturers` varchar(255) COLLATE utf8_unicode_ci NOT NULL,
  `nidn` varchar(255) COLLATE utf8_unicode_ci NOT NULL,
  `name` varchar(255) COLLATE utf8_unicode_ci NOT NULL,
  `email` varchar(255) COLLATE utf8_unicode_ci NOT NULL,
  `created_at` timestamp NULL DEFAULT NULL,
  `updated_at` timestamp NULL DEFAULT NULL
) ENGINE=InnoDB DEFAULT CHARSET=utf8 COLLATE=utf8_unicode_ci;

--
-- Dumping data for table `lecturers`
--

INSERT INTO `lecturers` (`id`, `code_lecturers`, `nidn`, `name`, `email`, `created_at`, `updated_at`) VALUES
(4, '1', '0108140841', 'Aris Gunaryati, S.Si., M.M.S.I', 'aris.gunaryati@yahoo.com', '2016-11-04 01:36:42', '2016-11-04 01:36:42'),
(5, '1', '050115038 ', 'Yunan Fauzi Wijaya, S.Kom.,MMSI.', 'yunanfw@gmail.com', '2016-11-04 01:37:53', '2016-11-04 01:37:53'),
(6, '1', '0110140843', 'Nurhayati, S.Si., M.T.I.', 'admin1@gmail.com', '2016-11-04 01:42:14', '2016-11-04 01:42:14'),
(7, '1', '0104150855', 'Ir. M. Gufroni, MT', 'm.gufroni@gmail.com', '2016-11-04 01:44:31', '2016-11-04 01:44:31'),
(8, '5', '0103010799', 'Septi Andryana, S.Kom., MMSI', 'septi.andryana@gmail.com', '2016-11-04 01:45:17', '2016-11-04 01:45:17'),
(9, '6', '0103010800', 'Moh. Iwan Wahyuddin, S.T., M.T.', 'iwanwyd@gmail.com', '2016-11-04 01:46:44', '2016-11-04 01:46:44'),
(10, '7', '0111050750', ' Ina Agustina, S.Si., S.Kom., MMSI', 'ina_agustina2007@yahoo.com', '2016-11-04 01:47:30', '2016-11-04 01:47:30'),
(11, '8', '0103010801', 'Dr. Ucuk Darusalam, S.T., M.T.', 'ucuk.darusalam@civitas.unas.ac.id', '2016-11-04 01:48:13', '2016-11-04 01:48:13'),
(12, '9', '0110140842', ' Ir. Endah Tri Esti Handayani, MMSI.', 'admin@gmail.com', '2016-11-04 01:49:09', '2016-11-04 01:49:09'),
(13, '10', '050313001', 'Sri Marini, ST., MT.', 'admin3@gmail.com', '2016-11-04 01:49:54', '2016-11-04 01:49:54'),
(14, '11', '040006102', 'Firman Anindra, S.T., MTI.', 'admin4@gmail.com', '2016-11-04 01:50:46', '2016-11-04 01:50:46'),
(15, '12', '010311070', 'Dr. Setiyo Budiyanto, ST., MT.', 'admin5@gmail.com', '2016-11-04 01:51:26', '2016-11-04 01:51:26'),
(16, '13', '040208093', 'Sari Ningsih, S.Si., M.M.', 'admin6@gmail.com', '2016-11-04 01:52:08', '2016-11-04 01:52:08'),
(17, '15', '050009033', 'Ira Diana Sholihati, S.Si., MMSI.', 'admin7@gmail.com', '2016-11-04 01:52:44', '2016-11-04 01:52:44'),
(18, '14', '0111201665', 'Prof.Dr. Iskandar Fitri, S.T., M.T.', 'admin8@gmail.com', '2016-11-04 01:54:29', '2016-11-04 01:54:29'),
(19, '16', '040208099', 'Rani Puspita, S.Kom., M.M.S.I.', 'admin9@gmail.com', '2016-11-04 01:55:13', '2016-11-04 01:55:13'),
(20, '17', '0112150863', 'Winarsih, S.Si., MMSI', 'admin10@gmail.com', '2016-11-04 01:56:03', '2016-11-04 01:56:03'),
(21, '18', '0111130825', 'Irmawati, S.Kom., MMSI.', 'admin11@gmail.com', '2016-11-04 01:56:39', '2016-11-04 01:56:39'),
(22, '19', '0111130826', 'Andrianingsih, S.Kom.,MMSI.', 'admin12@gmail.com', '2016-11-04 01:57:13', '2016-11-04 01:57:13'),
(23, '20', '0109070777', 'Ariana Azimah, S.T., M.T.I.', 'admin13@gmail.com', '2016-11-04 01:59:55', '2016-11-04 01:59:55'),
(24, '21', '0111130824', 'Novi Dian Nathasia, S.Kom.,MMSi', 'admin14@gmail.com', '2016-11-04 02:00:35', '2016-11-04 02:00:35'),
(25, '22', '040208106', 'Wahyudi, S.Si., M.T', 'admin15@gmail.com', '2016-11-04 02:01:32', '2016-11-04 02:01:32'),
(26, '23', '0104090784', 'Fauziah, S. Kom. ,  M.M.S.I.', 'mtsziah@gmail.com', '2016-11-04 03:37:28', '2016-11-16 03:48:23');

-- --------------------------------------------------------

--
-- Table structure for table `migrations`
--

CREATE TABLE `migrations` (
  `id` int(10) UNSIGNED NOT NULL,
  `migration` varchar(255) COLLATE utf8_unicode_ci NOT NULL,
  `batch` int(11) NOT NULL
) ENGINE=InnoDB DEFAULT CHARSET=utf8 COLLATE=utf8_unicode_ci;

--
-- Dumping data for table `migrations`
--

INSERT INTO `migrations` (`id`, `migration`, `batch`) VALUES
(1, '2014_10_12_000000_create_users_table', 1),
(2, '2016_10_16_035803_create_table_days', 1),
(3, '2016_10_16_035947_create_table_times', 1),
(4, '2016_10_16_040158_create_table_courses', 1),
(5, '2016_10_16_040428_create_table_rooms', 1),
(6, '2016_10_16_040546_create_table_lecturers', 1),
(7, '2016_10_16_040751_create_table_teachs', 1),
(8, '2016_10_16_041413_create_table_time_not_available', 1),
(9, '2016_10_20_064457_create_table_schedule', 1),
(10, '2016_11_02_045834_create_table_timedays', 2),
(11, '2016_11_02_172054_change_code_times_to_string', 3),
(12, '2016_11_02_173210_change_all_code_to_string', 4),
(13, '2016_11_07_232938_add_type_in_schedule', 5),
(14, '2016_11_08_171340_add_sks_in_table_time', 6),
(15, '2016_11_09_131133_add_value_in_table_schedule', 7),
(16, '2016_11_15_202728_add_proses_value_in_table_schedule', 8);

-- --------------------------------------------------------

--
-- Table structure for table `rooms`
--

CREATE TABLE `rooms` (
  `id` int(10) UNSIGNED NOT NULL,
  `code_rooms` varchar(255) COLLATE utf8_unicode_ci NOT NULL,
  `name` varchar(255) COLLATE utf8_unicode_ci NOT NULL,
  `capacity` varchar(255) COLLATE utf8_unicode_ci NOT NULL,
  `type` varchar(255) COLLATE utf8_unicode_ci NOT NULL,
  `created_at` timestamp NULL DEFAULT NULL,
  `updated_at` timestamp NULL DEFAULT NULL
) ENGINE=InnoDB DEFAULT CHARSET=utf8 COLLATE=utf8_unicode_ci;

--
-- Dumping data for table `rooms`
--

INSERT INTO `rooms` (`id`, `code_rooms`, `name`, `capacity`, `type`, `created_at`, `updated_at`) VALUES
(4, '01', 'Lab. Informatika I', '30', 'Praktikum', '2016-11-04 02:59:12', '2016-11-04 02:59:12'),
(5, '02', 'Lab. Informatika  II ', '30', 'Praktikum', '2016-11-04 02:59:41', '2016-11-04 02:59:41'),
(6, '03', 'Lab.Perangkat Keras', '30', 'Praktikum', '2016-11-04 02:59:57', '2016-11-04 02:59:57'),
(7, '04', '204/3', '40', 'Teori', '2016-11-04 03:00:20', '2016-11-04 03:00:20'),
(8, '05', '408/4', '50', 'Teori', '2016-11-04 03:00:48', '2016-11-04 03:00:48'),
(9, '06', '406/4', '50', 'Teori', '2016-11-04 03:01:26', '2016-11-04 03:01:26'),
(10, '07', 'LAB.JARINGAN KOMP.FTKI', '30', 'Praktikum', '2016-11-04 03:01:57', '2016-11-04 03:01:57'),
(11, '08', '401/4 ', '30', 'Teori', '2016-11-04 03:02:26', '2016-11-04 03:02:26'),
(12, '09', '006/1', '40', 'Teori', '2016-11-04 03:05:52', '2016-11-04 03:05:52'),
(13, '011', '008/3', '40', 'Teori', '2016-11-04 03:06:26', '2016-11-04 03:06:26'),
(14, '012', '005/2', '46', 'Teori', '2016-11-04 03:07:04', '2016-11-04 03:07:04'),
(15, '013', '308/3 ', '30', 'Teori', '2016-11-04 03:07:33', '2016-11-04 03:07:33'),
(16, '014', '407/3', '30', 'Teori', '2016-11-04 03:08:10', '2016-11-04 03:08:10'),
(17, '015', '403/3', '30', 'Teori', '2016-11-04 03:08:43', '2016-11-04 03:08:43'),
(18, '016', '010/4', '35', 'Teori', '2016-11-04 03:09:53', '2016-11-04 03:09:53'),
(19, '017', '005/4 ', '35', 'Teori', '2016-11-04 03:10:12', '2016-11-04 03:10:12'),
(20, '018', '011/4', '42', 'Teori', '2016-11-04 03:10:44', '2016-11-04 03:10:44'),
(21, '019', '006/1', '40', 'Teori', '2016-11-04 03:14:19', '2016-11-04 03:14:19'),
(22, '020', '211/3', '36', 'Teori', '2016-11-04 03:14:50', '2016-11-04 03:14:50'),
(23, '021', '002/4', '35', 'Teori', '2016-11-04 03:15:24', '2016-11-04 03:15:24'),
(24, '022', '206/3', '30', 'Teori', '2016-11-04 03:16:14', '2016-11-04 03:16:14'),
(25, '023', '405/4', '36', 'Teori', '2016-11-04 03:19:39', '2016-11-04 03:19:39'),
(26, '024', '001/4', '35', 'Teori', '2016-11-04 03:20:03', '2016-11-04 03:20:03'),
(27, '025', '002/2', '40', 'Teori', '2016-11-04 03:20:37', '2016-11-04 03:20:37'),
(28, '026', '004/4', '30', 'Teori', '2016-11-04 03:22:29', '2016-11-04 03:22:29'),
(29, '027', '006/2', '30', 'Teori', '2016-11-04 03:23:15', '2016-11-04 03:23:15'),
(30, '028', '311/3 ', '30', 'Teori', '2016-11-04 03:23:52', '2016-11-04 03:23:52'),
(31, '029', '407/3', '30', 'Teori', '2016-11-04 03:24:26', '2016-11-04 03:24:26');

-- --------------------------------------------------------

--
-- Table structure for table `schedules`
--

CREATE TABLE `schedules` (
  `id` int(10) UNSIGNED NOT NULL,
  `teachs_id` int(10) UNSIGNED NOT NULL,
  `days_id` int(10) UNSIGNED NOT NULL,
  `times_id` int(10) UNSIGNED NOT NULL,
  `rooms_id` int(10) UNSIGNED NOT NULL,
  `type` int(10) DEFAULT NULL,
  `value` double(8,2) DEFAULT NULL,
  `value_process` varchar(255) COLLATE utf8_unicode_ci DEFAULT NULL,
  `created_at` timestamp NULL DEFAULT NULL,
  `updated_at` timestamp NULL DEFAULT NULL
) ENGINE=InnoDB DEFAULT CHARSET=utf8 COLLATE=utf8_unicode_ci;

--
-- Dumping data for table `schedules`
--

INSERT INTO `schedules` (`id`, `teachs_id`, `days_id`, `times_id`, `rooms_id`, `type`, `value`, `value_process`, `created_at`, `updated_at`) VALUES
(1, 41, 9, 6, 4, 1, 0.06, ' + 1 + 1 + 2 + 1 + 1 + 1 + 1 + 1 + 1 + 1 + 1 + 1 + 1 + 1', '2016-12-01 14:05:02', '2016-12-01 14:14:48'),
(2, 8, 7, 16, 5, 1, 0.06, ' + 1 + 1 + 2 + 1 + 1 + 1 + 1 + 1 + 1 + 1 + 1 + 1 + 1 + 1', '2016-12-01 14:05:02', '2016-12-01 14:14:48'),
(3, 25, 4, 10, 14, 1, 0.06, ' + 1 + 1 + 2 + 1 + 1 + 1 + 1 + 1 + 1 + 1 + 1 + 1 + 1 + 1', '2016-12-01 14:05:02', '2016-12-01 14:14:48'),
(4, 90, 7, 20, 5, 1, 0.06, ' + 1 + 1 + 2 + 1 + 1 + 1 + 1 + 1 + 1 + 1 + 1 + 1 + 1 + 1', '2016-12-01 14:05:02', '2016-12-01 14:14:48'),
(5, 66, 7, 16, 13, 1, 0.06, ' + 1 + 1 + 2 + 1 + 1 + 1 + 1 + 1 + 1 + 1 + 1 + 1 + 1 + 1', '2016-12-01 14:05:02', '2016-12-01 14:14:49'),
(6, 65, 6, 15, 17, 1, 0.06, ' + 1 + 1 + 2 + 1 + 1 + 1 + 1 + 1 + 1 + 1 + 1 + 1 + 1 + 1', '2016-12-01 14:05:02', '2016-12-01 14:14:49'),
(7, 130, 4, 8, 10, 1, 0.06, ' + 1 + 1 + 2 + 1 + 1 + 1 + 1 + 1 + 1 + 1 + 1 + 1 + 1 + 1', '2016-12-01 14:05:02', '2016-12-01 14:14:49'),
(8, 40, 5, 12, 6, 1, 0.06, ' + 1 + 1 + 2 + 1 + 1 + 1 + 1 + 1 + 1 + 1 + 1 + 1 + 1 + 1+ 1 ', '2016-12-01 14:05:02', '2016-12-01 14:14:49'),
(9, 8, 6, 16, 10, 1, 0.06, ' + 1 + 1 + 2 + 1 + 1 + 1 + 1 + 1 + 1 + 1 + 1 + 1 + 1 + 1', '2016-12-01 14:05:02', '2016-12-01 14:14:49'),
(10, 90, 5, 20, 5, 1, 0.06, ' + 1 + 1 + 2 + 1 + 1 + 1 + 1 + 1 + 1 + 1 + 1 + 1 + 1 + 1', '2016-12-01 14:05:02', '2016-12-01 14:14:49'),
(11, 11, 7, 16, 12, 1, 0.06, ' + 1 + 1 + 2 + 1 + 1 + 1 + 1 + 1 + 1 + 1 + 1 + 1 + 1 + 1', '2016-12-01 14:05:02', '2016-12-01 14:14:49'),
(12, 31, 5, 7, 26, 1, 0.06, ' + 1 + 1 + 2 + 1 + 1 + 1 + 1 + 1 + 1 + 1 + 1 + 1 + 1 + 1', '2016-12-01 14:05:02', '2016-12-01 14:14:49'),
(13, 66, 9, 20, 23, 1, 0.06, ' + 1 + 1 + 2 + 1 + 1 + 1 + 1 + 1 + 1 + 1 + 1 + 1 + 1 + 1', '2016-12-01 14:05:02', '2016-12-01 14:14:49'),
(14, 18, 5, 7, 8, 1, 0.06, ' + 1 + 1 + 2 + 1 + 1 + 1 + 1 + 1 + 1 + 1 + 1 + 1 + 1 + 1', '2016-12-01 14:05:02', '2016-12-01 14:14:49'),
(15, 12, 4, 7, 5, 1, 0.06, ' + 1 + 1 + 2 + 1 + 1 + 1 + 1 + 1 + 1 + 1 + 1 + 1 + 1 + 1', '2016-12-01 14:05:02', '2016-12-01 14:14:49'),
(16, 10, 9, 15, 31, 1, 0.06, ' + 1 + 1 + 2 + 1 + 1 + 1 + 1 + 1 + 1 + 1 + 1 + 1 + 1 + 1', '2016-12-01 14:05:02', '2016-12-01 14:14:49'),
(17, 70, 8, 26, 25, 1, 0.06, ' + 1 + 1 + 2 + 1 + 1 + 1 + 1 + 1 + 1 + 1 + 1 + 1 + 1 + 1', '2016-12-01 14:05:02', '2016-12-01 14:14:49'),
(18, 48, 9, 20, 23, 1, 0.06, ' + 1 + 1 + 2 + 1 + 1 + 1 + 1 + 1 + 1 + 1 + 1 + 1 + 1 + 1', '2016-12-01 14:05:02', '2016-12-01 14:14:49'),
(19, 78, 5, 15, 11, 1, 0.06, ' + 1 + 1 + 2 + 1 + 1 + 1 + 1 + 1 + 1 + 1 + 1 + 1 + 1 + 1', '2016-12-01 14:05:02', '2016-12-01 14:14:49'),
(20, 132, 8, 14, 6, 1, 0.06, ' + 1 + 1 + 2 + 1 + 1 + 1 + 1 + 1 + 1 + 1 + 1 + 1 + 1 + 1', '2016-12-01 14:05:02', '2016-12-01 14:14:49'),
(21, 110, 8, 21, 10, 1, 0.06, ' + 1 + 1 + 2 + 1 + 1 + 1 + 1 + 1 + 1 + 1 + 1 + 1 + 1 + 1', '2016-12-01 14:05:02', '2016-12-01 14:14:49'),
(22, 87, 8, 10, 14, 1, 0.06, ' + 1 + 1 + 2 + 1 + 1 + 1 + 1 + 1 + 1 + 1 + 1 + 1 + 1 + 1', '2016-12-01 14:05:02', '2016-12-01 14:14:49'),
(23, 103, 8, 12, 10, 1, 0.06, ' + 1 + 1 + 2 + 1 + 1 + 1 + 1 + 1 + 1 + 1 + 1 + 1 + 1 + 1', '2016-12-01 14:05:02', '2016-12-01 14:14:49'),
(24, 95, 5, 6, 6, 1, 0.06, ' + 1 + 1 + 2 + 1 + 1 + 1 + 1 + 1 + 1 + 1 + 1 + 1 + 1 + 1', '2016-12-01 14:05:02', '2016-12-01 14:14:49'),
(25, 19, 8, 27, 17, 1, 0.06, ' + 1 + 1 + 2 + 1 + 1 + 1 + 1 + 1 + 1 + 1 + 1 + 1 + 1 + 1', '2016-12-01 14:05:02', '2016-12-01 14:14:49'),
(26, 101, 6, 17, 4, 1, 0.06, ' + 1 + 1 + 2 + 1 + 1 + 1 + 1 + 1 + 1 + 1 + 1 + 1 + 1 + 1', '2016-12-01 14:05:02', '2016-12-01 14:14:49'),
(27, 66, 4, 20, 27, 1, 0.06, ' + 1 + 1 + 2 + 1 + 1 + 1 + 1 + 1 + 1 + 1 + 1 + 1 + 1 + 1', '2016-12-01 14:05:02', '2016-12-01 14:14:49'),
(28, 56, 4, 20, 6, 1, 0.06, ' + 1 + 1 + 2 + 1 + 1 + 1 + 1 + 1 + 1 + 1 + 1 + 1 + 1 + 1', '2016-12-01 14:05:02', '2016-12-01 14:14:49'),
(29, 48, 8, 20, 20, 1, 0.06, ' + 1 + 1 + 2 + 1 + 1 + 1 + 1 + 1 + 1 + 1 + 1 + 1 + 1 + 1', '2016-12-01 14:05:02', '2016-12-01 14:14:49'),
(30, 117, 9, 10, 18, 1, 0.06, ' + 1 + 1 + 2 + 1 + 1 + 1 + 1 + 1 + 1 + 1 + 1 + 1 + 1 + 1', '2016-12-01 14:05:03', '2016-12-01 14:14:49'),
(31, 117, 9, 28, 8, 1, 0.06, ' + 1 + 1 + 2 + 1 + 1 + 1 + 1 + 1 + 1 + 1 + 1 + 1 + 1 + 1', '2016-12-01 14:05:03', '2016-12-01 14:14:49'),
(32, 77, 4, 30, 27, 1, 0.06, ' + 1 + 1 + 2 + 1 + 1 + 1 + 1 + 1 + 1 + 1 + 1 + 1 + 1 + 1', '2016-12-01 14:05:03', '2016-12-01 14:14:49'),
(33, 132, 6, 25, 6, 1, 0.06, ' + 1 + 1 + 2 + 1 + 1 + 1 + 1 + 1 + 1 + 1 + 1 + 1 + 1 + 1', '2016-12-01 14:05:03', '2016-12-01 14:14:49'),
(34, 35, 8, 20, 4, 1, 0.06, ' + 1 + 1 + 2 + 1 + 1 + 1 + 1 + 1 + 1 + 1 + 1 + 1 + 1 + 1', '2016-12-01 14:05:03', '2016-12-01 14:14:49'),
(35, 75, 4, 7, 22, 1, 0.06, ' + 1 + 1 + 2 + 1 + 1 + 1 + 1 + 1 + 1 + 1 + 1 + 1 + 1 + 1', '2016-12-01 14:05:03', '2016-12-01 14:14:49'),
(36, 91, 4, 10, 5, 1, 0.06, ' + 1 + 1 + 2 + 1 + 1 + 1 + 1 + 1 + 1 + 1 + 1 + 1 + 1 + 1', '2016-12-01 14:05:03', '2016-12-01 14:14:49'),
(37, 15, 7, 28, 20, 1, 0.06, ' + 1 + 1 + 2 + 1 + 1 + 1 + 1 + 1 + 1 + 1 + 1 + 1 + 1 + 1', '2016-12-01 14:05:03', '2016-12-01 14:14:49'),
(38, 116, 7, 20, 11, 1, 0.06, ' + 1 + 1 + 2 + 1 + 1 + 1 + 1 + 1 + 1 + 1 + 1 + 1 + 1 + 1', '2016-12-01 14:05:03', '2016-12-01 14:14:49'),
(39, 55, 6, 20, 5, 1, 0.06, ' + 1 + 1 + 2 + 1 + 1 + 1 + 1 + 1 + 1 + 1 + 1 + 1 + 1 + 1', '2016-12-01 14:05:03', '2016-12-01 14:14:49'),
(40, 66, 6, 24, 16, 1, 0.06, ' + 1 + 1 + 2 + 1 + 1 + 1 + 1 + 1 + 1 + 1 + 1 + 1 + 1 + 1', '2016-12-01 14:05:03', '2016-12-01 14:14:49'),
(41, 93, 8, 24, 10, 1, 0.06, ' + 1 + 1 + 2 + 1 + 1 + 1 + 1 + 1 + 1 + 1 + 1 + 1 + 1 + 1', '2016-12-01 14:05:03', '2016-12-01 14:14:49'),
(42, 105, 5, 11, 4, 1, 0.06, ' + 1 + 1 + 2 + 1 + 1 + 1 + 1 + 1 + 1 + 1 + 1 + 1 + 1 + 1', '2016-12-01 14:05:03', '2016-12-01 14:14:49'),
(43, 92, 7, 16, 6, 1, 0.06, ' + 1 + 1 + 2 + 1 + 1 + 1 + 1 + 1 + 1 + 1 + 1 + 1 + 1 + 1', '2016-12-01 14:05:03', '2016-12-01 14:14:49'),
(44, 70, 8, 26, 29, 1, 0.06, ' + 1 + 1 + 2 + 1 + 1 + 1 + 1 + 1 + 1 + 1 + 1 + 1 + 1 + 1', '2016-12-01 14:05:03', '2016-12-01 14:14:49'),
(45, 80, 6, 15, 9, 1, 0.06, ' + 1 + 1 + 2 + 1 + 1 + 1 + 1 + 1 + 1 + 1 + 1 + 1 + 1 + 1', '2016-12-01 14:05:03', '2016-12-01 14:14:49'),
(46, 32, 4, 20, 12, 1, 0.06, ' + 1 + 1 + 2 + 1 + 1 + 1 + 1 + 1 + 1 + 1 + 1 + 1 + 1 + 1', '2016-12-01 14:05:03', '2016-12-01 14:14:49'),
(47, 102, 6, 23, 4, 1, 0.06, ' + 1 + 1 + 2 + 1 + 1 + 1 + 1 + 1 + 1 + 1 + 1 + 1 + 1 + 1', '2016-12-01 14:05:03', '2016-12-01 14:14:49'),
(48, 93, 9, 28, 6, 1, 0.06, ' + 1 + 1 + 2 + 1 + 1 + 1 + 1 + 1 + 1 + 1 + 1 + 1 + 1 + 1', '2016-12-01 14:05:03', '2016-12-01 14:14:49'),
(49, 127, 8, 30, 24, 1, 0.06, ' + 1 + 1 + 2 + 1 + 1 + 1 + 1 + 1 + 1 + 1 + 1 + 1 + 1 + 1', '2016-12-01 14:05:03', '2016-12-01 14:14:49'),
(50, 25, 4, 20, 12, 1, 0.06, ' + 1 + 1 + 2 + 1 + 1 + 1 + 1 + 1 + 1 + 1 + 1 + 1 + 1 + 1', '2016-12-01 14:05:03', '2016-12-01 14:14:49'),
(51, 14, 8, 27, 23, 1, 0.06, ' + 1 + 1 + 2 + 1 + 1 + 1 + 1 + 1 + 1 + 1 + 1 + 1 + 1 + 1', '2016-12-01 14:05:03', '2016-12-01 14:14:49'),
(52, 67, 4, 15, 26, 1, 0.06, ' + 1 + 1 + 2 + 1 + 1 + 1 + 1 + 1 + 1 + 1 + 1 + 1 + 1 + 1', '2016-12-01 14:05:03', '2016-12-01 14:14:50'),
(53, 42, 4, 12, 6, 1, 0.06, ' + 1 + 1 + 2 + 1 + 1 + 1 + 1 + 1 + 1 + 1 + 1 + 1 + 1 + 1', '2016-12-01 14:05:03', '2016-12-01 14:14:50'),
(54, 100, 8, 25, 6, 1, 0.06, ' + 1 + 1 + 2 + 1 + 1 + 1 + 1 + 1 + 1 + 1 + 1 + 1 + 1 + 1', '2016-12-01 14:05:03', '2016-12-01 14:14:50'),
(55, 14, 6, 27, 22, 1, 0.06, ' + 1 + 1 + 2 + 1 + 1 + 1 + 1 + 1 + 1 + 1 + 1 + 1 + 1 + 1', '2016-12-01 14:05:03', '2016-12-01 14:14:50'),
(56, 74, 8, 24, 8, 1, 0.06, ' + 1 + 1 + 2 + 1 + 1 + 1 + 1 + 1 + 1 + 1 + 1 + 1 + 1 + 1', '2016-12-01 14:05:03', '2016-12-01 14:14:50'),
(57, 63, 4, 22, 20, 1, 0.06, ' + 1 + 1 + 2 + 1 + 1 + 1 + 1 + 1 + 1 + 1 + 1 + 1 + 1 + 1', '2016-12-01 14:05:03', '2016-12-01 14:14:50'),
(58, 128, 6, 30, 18, 1, 0.06, ' + 1 + 1 + 2 + 1 + 1 + 1 + 1 + 1 + 1 + 1 + 1 + 1 + 1 + 1', '2016-12-01 14:05:03', '2016-12-01 14:14:50'),
(59, 15, 5, 30, 20, 1, 0.06, ' + 1 + 1 + 2 + 1 + 1 + 1 + 1 + 1 + 1 + 1 + 1 + 1 + 1 + 1', '2016-12-01 14:05:03', '2016-12-01 14:14:50'),
(60, 109, 5, 23, 4, 1, 0.06, ' + 1 + 1 + 2 + 1 + 1 + 1 + 1 + 1 + 1 + 1 + 1 + 1 + 1 + 1', '2016-12-01 14:05:03', '2016-12-01 14:14:50'),
(61, 116, 5, 28, 30, 1, 0.06, ' + 1 + 1 + 2 + 1 + 1 + 1 + 1 + 1 + 1 + 1 + 1 + 1 + 1 + 1', '2016-12-01 14:05:03', '2016-12-01 14:14:50'),
(62, 75, 5, 20, 15, 1, 0.06, ' + 1 + 1 + 2 + 1 + 1 + 1 + 1 + 1 + 1 + 1 + 1 + 1 + 1 + 1', '2016-12-01 14:05:03', '2016-12-01 14:14:50'),
(63, 60, 4, 7, 24, 1, 0.06, ' + 1 + 1 + 2 + 1 + 1 + 1 + 1 + 1 + 1 + 1 + 1 + 1 + 1 + 1', '2016-12-01 14:05:03', '2016-12-01 14:14:50'),
(64, 53, 8, 28, 18, 1, 0.06, ' + 1 + 1 + 2 + 1 + 1 + 1 + 1 + 1 + 1 + 1 + 1 + 1 + 1 + 1', '2016-12-01 14:05:03', '2016-12-01 14:14:50'),
(65, 10, 6, 22, 28, 1, 0.06, ' + 1 + 1 + 2 + 1 + 1 + 1 + 1 + 1 + 1 + 1 + 1 + 1 + 1 + 1', '2016-12-01 14:05:03', '2016-12-01 14:14:50'),
(66, 63, 8, 22, 26, 1, 0.06, ' + 1 + 1 + 2 + 1 + 1 + 1 + 1 + 1 + 1 + 1 + 1 + 1 + 1 + 1', '2016-12-01 14:05:03', '2016-12-01 14:14:50'),
(67, 95, 9, 14, 5, 1, 0.06, ' + 1 + 1 + 2 + 1 + 1 + 1 + 1 + 1 + 1 + 1 + 1 + 1 + 1 + 1', '2016-12-01 14:05:03', '2016-12-01 14:14:50'),
(68, 19, 8, 27, 18, 1, 0.06, ' + 1 + 1 + 2 + 1 + 1 + 1 + 1 + 1 + 1 + 1 + 1 + 1 + 1 + 1', '2016-12-01 14:05:03', '2016-12-01 14:14:50'),
(69, 10, 4, 15, 15, 1, 0.06, ' + 1 + 1 + 2 + 1 + 1 + 1 + 1 + 1 + 1 + 1 + 1 + 1 + 1 + 1', '2016-12-01 14:05:03', '2016-12-01 14:14:50'),
(70, 28, 6, 22, 25, 1, 0.06, ' + 1 + 1 + 2 + 1 + 1 + 1 + 1 + 1 + 1 + 1 + 1 + 1 + 1 + 1', '2016-12-01 14:05:03', '2016-12-01 14:14:50'),
(71, 22, 8, 28, 16, 1, 0.06, ' + 1 + 1 + 2 + 1 + 1 + 1 + 1 + 1 + 1 + 1 + 1 + 1 + 1 + 1', '2016-12-01 14:05:04', '2016-12-01 14:14:50'),
(72, 53, 5, 24, 15, 1, 0.06, ' + 1 + 1 + 2 + 1 + 1 + 1 + 1 + 1 + 1 + 1 + 1 + 1 + 1 + 1+ 1 ', '2016-12-01 14:05:04', '2016-12-01 14:14:50'),
(73, 65, 7, 27, 24, 1, 0.06, ' + 1 + 1 + 2 + 1 + 1 + 1 + 1 + 1 + 1 + 1 + 1 + 1 + 1 + 1', '2016-12-01 14:05:04', '2016-12-01 14:14:50'),
(74, 60, 6, 28, 27, 1, 0.06, ' + 1 + 1 + 2 + 1 + 1 + 1 + 1 + 1 + 1 + 1 + 1 + 1 + 1 + 1', '2016-12-01 14:05:04', '2016-12-01 14:14:50'),
(75, 81, 5, 15, 7, 1, 0.06, ' + 1 + 1 + 2 + 1 + 1 + 1 + 1 + 1 + 1 + 1 + 1 + 1 + 1 + 1', '2016-12-01 14:05:04', '2016-12-01 14:14:50'),
(76, 48, 8, 10, 24, 1, 0.06, ' + 1 + 1 + 2 + 1 + 1 + 1 + 1 + 1 + 1 + 1 + 1 + 1 + 1 + 1', '2016-12-01 14:05:04', '2016-12-01 14:14:50'),
(77, 127, 9, 16, 27, 1, 0.06, ' + 1 + 1 + 2 + 1 + 1 + 1 + 1 + 1 + 1 + 1 + 1 + 1 + 1 + 1', '2016-12-01 14:05:04', '2016-12-01 14:14:50'),
(78, 87, 6, 10, 12, 1, 0.06, ' + 1 + 1 + 2 + 1 + 1 + 1 + 1 + 1 + 1 + 1 + 1 + 1 + 1 + 1', '2016-12-01 14:05:04', '2016-12-01 14:14:50'),
(79, 105, 4, 23, 4, 1, 0.06, ' + 1 + 1 + 2 + 1 + 1 + 1 + 1 + 1 + 1 + 1 + 1 + 1 + 1 + 1', '2016-12-01 14:05:04', '2016-12-01 14:14:50'),
(80, 22, 5, 30, 20, 1, 0.06, ' + 1 + 1 + 2 + 1 + 1 + 1 + 1 + 1 + 1 + 1 + 1 + 1 + 1 + 1', '2016-12-01 14:05:04', '2016-12-01 14:14:50'),
(81, 128, 7, 16, 23, 1, 0.06, ' + 1 + 1 + 2 + 1 + 1 + 1 + 1 + 1 + 1 + 1 + 1 + 1 + 1 + 1', '2016-12-01 14:05:04', '2016-12-01 14:14:50'),
(82, 78, 9, 15, 11, 1, 0.06, ' + 1 + 1 + 2 + 1 + 1 + 1 + 1 + 1 + 1 + 1 + 1 + 1 + 1 + 1', '2016-12-01 14:05:04', '2016-12-01 14:14:50'),
(83, 25, 5, 28, 30, 1, 0.06, ' + 1 + 1 + 2 + 1 + 1 + 1 + 1 + 1 + 1 + 1 + 1 + 1 + 1 + 1', '2016-12-01 14:05:04', '2016-12-01 14:14:50'),
(84, 31, 8, 16, 13, 1, 0.06, ' + 1 + 1 + 2 + 1 + 1 + 1 + 1 + 1 + 1 + 1 + 1 + 1 + 1 + 1', '2016-12-01 14:05:04', '2016-12-01 14:14:50'),
(85, 111, 4, 13, 10, 1, 0.06, ' + 1 + 1 + 2 + 1 + 1 + 1 + 1 + 1 + 1 + 1 + 1 + 1 + 1 + 1', '2016-12-01 14:05:04', '2016-12-01 14:14:50'),
(86, 105, 4, 13, 10, 1, 0.06, ' + 1 + 1 + 2 + 1 + 1 + 1 + 1 + 1 + 1 + 1 + 1 + 1 + 1 + 1', '2016-12-01 14:05:04', '2016-12-01 14:14:51'),
(87, 75, 7, 28, 26, 1, 0.06, ' + 1 + 1 + 2 + 1 + 1 + 1 + 1 + 1 + 1 + 1 + 1 + 1 + 1 + 1', '2016-12-01 14:05:04', '2016-12-01 14:14:51'),
(88, 127, 8, 28, 30, 1, 0.06, ' + 1 + 1 + 2 + 1 + 1 + 1 + 1 + 1 + 1 + 1 + 1 + 1 + 1 + 1', '2016-12-01 14:05:04', '2016-12-01 14:14:51'),
(89, 53, 4, 20, 11, 1, 0.06, ' + 1 + 1 + 2 + 1 + 1 + 1 + 1 + 1 + 1 + 1 + 1 + 1 + 1 + 1', '2016-12-01 14:05:04', '2016-12-01 14:14:51'),
(90, 28, 7, 27, 27, 1, 0.06, ' + 1 + 1 + 2 + 1 + 1 + 1 + 1 + 1 + 1 + 1 + 1 + 1 + 1 + 1', '2016-12-01 14:05:04', '2016-12-01 14:14:51'),
(91, 98, 4, 14, 4, 1, 0.06, ' + 1 + 1 + 2 + 1 + 1 + 1 + 1 + 1 + 1 + 1 + 1 + 1 + 1 + 1', '2016-12-01 14:05:04', '2016-12-01 14:14:51'),
(92, 31, 6, 16, 26, 1, 0.06, ' + 1 + 1 + 2 + 1 + 1 + 1 + 1 + 1 + 1 + 1 + 1 + 1 + 1 + 1', '2016-12-01 14:05:04', '2016-12-01 14:14:51'),
(93, 73, 8, 10, 27, 1, 0.06, ' + 1 + 1 + 2 + 1 + 1 + 1 + 1 + 1 + 1 + 1 + 1 + 1 + 1 + 1', '2016-12-01 14:05:04', '2016-12-01 14:14:51'),
(94, 71, 7, 26, 31, 1, 0.06, ' + 1 + 1 + 2 + 1 + 1 + 1 + 1 + 1 + 1 + 1 + 1 + 1 + 1 + 1', '2016-12-01 14:05:04', '2016-12-01 14:14:51'),
(95, 126, 9, 30, 16, 1, 0.06, ' + 1 + 1 + 2 + 1 + 1 + 1 + 1 + 1 + 1 + 1 + 1 + 1 + 1 + 1', '2016-12-01 14:05:04', '2016-12-01 14:14:51'),
(96, 99, 7, 25, 6, 1, 0.06, ' + 1 + 1 + 2 + 1 + 1 + 1 + 1 + 1 + 1 + 1 + 1 + 1 + 1 + 1', '2016-12-01 14:05:04', '2016-12-01 14:14:51'),
(97, 16, 9, 28, 15, 1, 0.06, ' + 1 + 1 + 2 + 1 + 1 + 1 + 1 + 1 + 1 + 1 + 1 + 1 + 1 + 1', '2016-12-01 14:05:04', '2016-12-01 14:14:51'),
(98, 15, 6, 10, 21, 1, 0.06, ' + 1 + 1 + 2 + 1 + 1 + 1 + 1 + 1 + 1 + 1 + 1 + 1 + 1 + 1', '2016-12-01 14:05:04', '2016-12-01 14:14:51'),
(99, 59, 6, 27, 30, 1, 0.06, ' + 1 + 1 + 2 + 1 + 1 + 1 + 1 + 1 + 1 + 1 + 1 + 1 + 1 + 1', '2016-12-01 14:05:04', '2016-12-01 14:14:51'),
(100, 132, 8, 17, 6, 1, 0.06, ' + 1 + 1 + 2 + 1 + 1 + 1 + 1 + 1 + 1 + 1 + 1 + 1 + 1 + 1', '2016-12-01 14:05:04', '2016-12-01 14:14:51'),
(101, 130, 9, 23, 6, 1, 0.06, ' + 1 + 1 + 2 + 1 + 1 + 1 + 1 + 1 + 1 + 1 + 1 + 1 + 1 + 1', '2016-12-01 14:05:04', '2016-12-01 14:14:51'),
(102, 38, 8, 17, 6, 1, 0.06, ' + 1 + 1 + 2 + 1 + 1 + 1 + 1 + 1 + 1 + 1 + 1 + 1 + 1 + 1', '2016-12-01 14:05:04', '2016-12-01 14:14:51'),
(103, 34, 4, 28, 4, 1, 0.06, ' + 1 + 1 + 2 + 1 + 1 + 1 + 1 + 1 + 1 + 1 + 1 + 1 + 1 + 1', '2016-12-01 14:05:04', '2016-12-01 14:14:51'),
(104, 81, 7, 27, 31, 1, 0.06, ' + 1 + 1 + 2 + 1 + 1 + 1 + 1 + 1 + 1 + 1 + 1 + 1 + 1 + 1', '2016-12-01 14:05:04', '2016-12-01 14:14:51'),
(105, 122, 7, 30, 16, 1, 0.06, ' + 1 + 1 + 2 + 1 + 1 + 1 + 1 + 1 + 1 + 1 + 1 + 1 + 1 + 1', '2016-12-01 14:05:04', '2016-12-01 14:14:51'),
(106, 51, 8, 10, 26, 1, 0.06, ' + 1 + 1 + 2 + 1 + 1 + 1 + 1 + 1 + 1 + 1 + 1 + 1 + 1 + 1', '2016-12-01 14:05:04', '2016-12-01 14:14:51'),
(107, 81, 4, 22, 15, 1, 0.06, ' + 1 + 1 + 2 + 1 + 1 + 1 + 1 + 1 + 1 + 1 + 1 + 1 + 1 + 1', '2016-12-01 14:05:04', '2016-12-01 14:14:51'),
(108, 9, 7, 30, 5, 1, 0.06, ' + 1 + 1 + 2 + 1 + 1 + 1 + 1 + 1 + 1 + 1 + 1 + 1 + 1 + 1', '2016-12-01 14:05:04', '2016-12-01 14:14:51'),
(109, 95, 9, 12, 10, 1, 0.06, ' + 1 + 1 + 2 + 1 + 1 + 1 + 1 + 1 + 1 + 1 + 1 + 1 + 1 + 1', '2016-12-01 14:05:04', '2016-12-01 14:14:51'),
(110, 27, 5, 28, 25, 1, 0.06, ' + 1 + 1 + 2 + 1 + 1 + 1 + 1 + 1 + 1 + 1 + 1 + 1 + 1 + 1', '2016-12-01 14:05:04', '2016-12-01 14:14:51'),
(111, 29, 7, 7, 27, 1, 0.06, ' + 1 + 1 + 2 + 1 + 1 + 1 + 1 + 1 + 1 + 1 + 1 + 1 + 1 + 1', '2016-12-01 14:05:04', '2016-12-01 14:14:51'),
(112, 98, 5, 17, 6, 1, 0.06, ' + 1 + 1 + 2 + 1 + 1 + 1 + 1 + 1 + 1 + 1 + 1 + 1 + 1 + 1', '2016-12-01 14:05:04', '2016-12-01 14:14:51'),
(113, 70, 7, 26, 25, 1, 0.06, ' + 1 + 1 + 2 + 1 + 1 + 1 + 1 + 1 + 1 + 1 + 1 + 1 + 1 + 1', '2016-12-01 14:05:04', '2016-12-01 14:14:51'),
(114, 16, 5, 30, 15, 1, 0.06, ' + 1 + 1 + 2 + 1 + 1 + 1 + 1 + 1 + 1 + 1 + 1 + 1 + 1 + 1', '2016-12-01 14:05:04', '2016-12-01 14:14:51'),
(115, 63, 8, 15, 7, 1, 0.06, ' + 1 + 1 + 2 + 1 + 1 + 1 + 1 + 1 + 1 + 1 + 1 + 1 + 1 + 1', '2016-12-01 14:05:04', '2016-12-01 14:14:51'),
(116, 25, 9, 20, 25, 1, 0.06, ' + 1 + 1 + 2 + 1 + 1 + 1 + 1 + 1 + 1 + 1 + 1 + 1 + 1 + 1', '2016-12-01 14:05:04', '2016-12-01 14:14:51'),
(117, 132, 8, 21, 6, 1, 0.06, ' + 1 + 1 + 2 + 1 + 1 + 1 + 1 + 1 + 1 + 1 + 1 + 1 + 1 + 1', '2016-12-01 14:05:04', '2016-12-01 14:14:52'),
(118, 67, 9, 15, 31, 1, 0.06, ' + 1 + 1 + 2 + 1 + 1 + 1 + 1 + 1 + 1 + 1 + 1 + 1 + 1 + 1', '2016-12-01 14:05:04', '2016-12-01 14:14:52'),
(119, 115, 4, 7, 11, 1, 0.06, ' + 1 + 1 + 2 + 1 + 1 + 1 + 1 + 1 + 1 + 1 + 1 + 1 + 1 + 1', '2016-12-01 14:05:04', '2016-12-01 14:14:52'),
(120, 36, 7, 10, 10, 1, 0.06, ' + 1 + 1 + 2 + 1 + 1 + 1 + 1 + 1 + 1 + 1 + 1 + 1 + 1 + 1', '2016-12-01 14:05:04', '2016-12-01 14:14:52'),
(121, 83, 5, 16, 8, 1, 0.06, ' + 1 + 1 + 2 + 1 + 1 + 1 + 1 + 1 + 1 + 1 + 1 + 1 + 1 + 1', '2016-12-01 14:05:04', '2016-12-01 14:14:52'),
(122, 96, 7, 8, 5, 1, 0.06, ' + 1 + 1 + 2 + 1 + 1 + 1 + 1 + 1 + 1 + 1 + 1 + 1 + 1 + 1', '2016-12-01 14:05:04', '2016-12-01 14:14:52'),
(123, 77, 8, 7, 12, 1, 0.06, ' + 1 + 1 + 2 + 1 + 1 + 1 + 1 + 1 + 1 + 1 + 1 + 1 + 1 + 1', '2016-12-01 14:05:04', '2016-12-01 14:14:52'),
(124, 87, 9, 30, 8, 2, 0.09, ' + 1 + 1 + 1 + 1 + 1 + 1 + 2 + 1 + 1', '2016-12-01 14:05:04', '2016-12-01 14:14:52'),
(125, 41, 9, 19, 4, 2, 0.09, ' + 1 + 1 + 1 + 1 + 1 + 1 + 2 + 1 + 1', '2016-12-01 14:05:04', '2016-12-01 14:14:52'),
(126, 66, 9, 20, 13, 2, 0.09, ' + 1 + 1 + 1 + 1 + 1 + 1 + 2 + 1 + 1', '2016-12-01 14:05:04', '2016-12-01 14:14:52'),
(127, 120, 6, 26, 25, 2, 0.09, ' + 1 + 1 + 1 + 1 + 1 + 1 + 2 + 1 + 1', '2016-12-01 14:05:04', '2016-12-01 14:14:52'),
(128, 51, 6, 30, 16, 2, 0.09, ' + 1 + 1 + 1 + 1 + 1 + 1 + 2 + 1 + 1', '2016-12-01 14:05:04', '2016-12-01 14:14:52'),
(129, 26, 5, 27, 24, 2, 0.09, ' + 1 + 1 + 1 + 1 + 1 + 1 + 2 + 1 + 1', '2016-12-01 14:05:04', '2016-12-01 14:14:52'),
(130, 123, 7, 30, 7, 2, 0.09, ' + 1 + 1 + 1 + 1 + 1 + 1 + 2 + 1 + 1', '2016-12-01 14:05:04', '2016-12-01 14:14:52'),
(131, 125, 9, 15, 25, 2, 0.09, ' + 1 + 1 + 1 + 1 + 1 + 1 + 2 + 1 + 1', '2016-12-01 14:05:04', '2016-12-01 14:14:52'),
(132, 110, 6, 6, 6, 2, 0.09, ' + 1 + 1 + 1 + 1 + 1 + 1 + 2 + 1 + 1', '2016-12-01 14:05:04', '2016-12-01 14:14:52'),
(133, 63, 9, 27, 28, 2, 0.09, ' + 1 + 1 + 1 + 1 + 1 + 1 + 2 + 1 + 1', '2016-12-01 14:05:04', '2016-12-01 14:14:52'),
(134, 92, 4, 16, 5, 2, 0.09, ' + 1 + 1 + 1 + 1 + 1 + 1 + 2 + 1 + 1', '2016-12-01 14:05:04', '2016-12-01 14:14:52'),
(135, 101, 7, 11, 4, 2, 0.09, ' + 1 + 1 + 1 + 1 + 1 + 1 + 2 + 1 + 1', '2016-12-01 14:05:04', '2016-12-01 14:14:52'),
(136, 126, 8, 16, 31, 2, 0.09, ' + 1 + 1 + 1 + 1 + 1 + 1 + 2 + 1 + 1', '2016-12-01 14:05:04', '2016-12-01 14:14:52'),
(137, 81, 8, 27, 27, 2, 0.09, ' + 1 + 1 + 1 + 1 + 1 + 1 + 2 + 1 + 1', '2016-12-01 14:05:04', '2016-12-01 14:14:52'),
(138, 32, 4, 7, 12, 2, 0.09, ' + 1 + 1 + 1 + 1 + 1 + 1 + 2 + 1 + 1', '2016-12-01 14:05:04', '2016-12-01 14:14:52'),
(139, 35, 7, 16, 6, 2, 0.09, ' + 1 + 1 + 1 + 1 + 1 + 1 + 2 + 1 + 1', '2016-12-01 14:05:04', '2016-12-01 14:14:52'),
(140, 74, 7, 10, 15, 2, 0.09, ' + 1 + 1 + 1 + 1 + 1 + 1 + 2 + 1 + 1', '2016-12-01 14:05:04', '2016-12-01 14:14:52'),
(141, 17, 5, 20, 22, 2, 0.09, ' + 1 + 1 + 1 + 1 + 1 + 1 + 2 + 1 + 1', '2016-12-01 14:05:04', '2016-12-01 14:14:52'),
(142, 115, 9, 10, 11, 2, 0.09, ' + 1 + 1 + 1 + 1 + 1 + 1 + 2 + 1 + 1', '2016-12-01 14:05:04', '2016-12-01 14:14:52'),
(143, 65, 7, 22, 9, 2, 0.09, ' + 1 + 1 + 1 + 1 + 1 + 1 + 2 + 1 + 1', '2016-12-01 14:05:04', '2016-12-01 14:14:52'),
(144, 23, 5, 28, 7, 2, 0.09, ' + 1 + 1 + 1 + 1 + 1 + 1 + 2 + 1 + 1', '2016-12-01 14:05:04', '2016-12-01 14:14:52'),
(145, 49, 5, 7, 4, 2, 0.09, ' + 1 + 1 + 1 + 1 + 1 + 1 + 2 + 1 + 1', '2016-12-01 14:05:04', '2016-12-01 14:14:52'),
(146, 16, 6, 7, 21, 2, 0.09, ' + 1 + 1 + 1 + 1 + 1 + 1 + 2 + 1 + 1', '2016-12-01 14:05:04', '2016-12-01 14:14:52'),
(147, 33, 7, 7, 16, 2, 0.09, ' + 1 + 1 + 1 + 1 + 1 + 1 + 2 + 1 + 1', '2016-12-01 14:05:04', '2016-12-01 14:14:52'),
(148, 39, 7, 11, 10, 2, 0.09, ' + 1 + 1 + 1 + 1 + 1 + 1 + 2 + 1 + 1', '2016-12-01 14:05:04', '2016-12-01 14:14:52'),
(149, 120, 5, 18, 23, 2, 0.09, ' + 1 + 1 + 1 + 1 + 1 + 1 + 2 + 1 + 1', '2016-12-01 14:05:05', '2016-12-01 14:14:53'),
(150, 112, 5, 19, 10, 2, 0.08, ' + 1 + 1 + 1 + 1 + 1 + 1 + 2 + 1 + 1+ 1 ', '2016-12-01 14:05:05', '2016-12-01 14:14:53'),
(151, 21, 6, 30, 17, 2, 0.09, ' + 1 + 1 + 1 + 1 + 1 + 1 + 2 + 1 + 1', '2016-12-01 14:05:05', '2016-12-01 14:14:53'),
(152, 109, 8, 17, 5, 2, 0.09, ' + 1 + 1 + 1 + 1 + 1 + 1 + 2 + 1 + 1', '2016-12-01 14:05:05', '2016-12-01 14:14:53'),
(153, 112, 9, 25, 5, 2, 0.09, ' + 1 + 1 + 1 + 1 + 1 + 1 + 2 + 1 + 1', '2016-12-01 14:05:05', '2016-12-01 14:14:53'),
(154, 17, 7, 28, 29, 2, 0.09, ' + 1 + 1 + 1 + 1 + 1 + 1 + 2 + 1 + 1', '2016-12-01 14:05:05', '2016-12-01 14:14:53'),
(155, 83, 8, 28, 30, 2, 0.09, ' + 1 + 1 + 1 + 1 + 1 + 1 + 2 + 1 + 1', '2016-12-01 14:05:05', '2016-12-01 14:14:53'),
(156, 128, 8, 16, 25, 2, 0.09, ' + 1 + 1 + 1 + 1 + 1 + 1 + 2 + 1 + 1', '2016-12-01 14:05:05', '2016-12-01 14:14:53'),
(157, 45, 8, 25, 6, 2, 0.09, ' + 1 + 1 + 1 + 1 + 1 + 1 + 2 + 1 + 1', '2016-12-01 14:05:05', '2016-12-01 14:14:53'),
(158, 47, 9, 18, 31, 2, 0.09, ' + 1 + 1 + 1 + 1 + 1 + 1 + 2 + 1 + 1', '2016-12-01 14:05:05', '2016-12-01 14:14:53'),
(159, 27, 5, 10, 17, 2, 0.09, ' + 1 + 1 + 1 + 1 + 1 + 1 + 2 + 1 + 1', '2016-12-01 14:05:05', '2016-12-01 14:14:53'),
(160, 109, 6, 19, 6, 2, 0.09, ' + 1 + 1 + 1 + 1 + 1 + 1 + 2 + 1 + 1', '2016-12-01 14:05:05', '2016-12-01 14:14:53'),
(161, 8, 8, 20, 6, 2, 0.09, ' + 1 + 1 + 1 + 1 + 1 + 1 + 2 + 1 + 1', '2016-12-01 14:05:05', '2016-12-01 14:14:53'),
(162, 37, 7, 30, 24, 2, 0.09, ' + 1 + 1 + 1 + 1 + 1 + 1 + 2 + 1 + 1', '2016-12-01 14:05:05', '2016-12-01 14:14:53'),
(163, 20, 4, 26, 9, 2, 0.09, ' + 1 + 1 + 1 + 1 + 1 + 1 + 2 + 1 + 1', '2016-12-01 14:05:05', '2016-12-01 14:14:53'),
(164, 71, 7, 18, 31, 2, 0.09, ' + 1 + 1 + 1 + 1 + 1 + 1 + 2 + 1 + 1', '2016-12-01 14:05:05', '2016-12-01 14:14:53'),
(165, 91, 4, 20, 10, 2, 0.09, ' + 1 + 1 + 1 + 1 + 1 + 1 + 2 + 1 + 1', '2016-12-01 14:05:05', '2016-12-01 14:14:53'),
(166, 47, 4, 26, 8, 2, 0.09, ' + 1 + 1 + 1 + 1 + 1 + 1 + 2 + 1 + 1', '2016-12-01 14:05:05', '2016-12-01 14:14:53'),
(167, 102, 6, 25, 10, 2, 0.09, ' + 1 + 1 + 1 + 1 + 1 + 1 + 2 + 1 + 1', '2016-12-01 14:05:05', '2016-12-01 14:14:53'),
(168, 34, 6, 16, 10, 2, 0.09, ' + 1 + 1 + 1 + 1 + 1 + 1 + 2 + 1 + 1', '2016-12-01 14:05:05', '2016-12-01 14:14:53'),
(169, 120, 9, 18, 24, 2, 0.09, ' + 1 + 1 + 1 + 1 + 1 + 1 + 2 + 1 + 1', '2016-12-01 14:05:05', '2016-12-01 14:14:53'),
(170, 84, 8, 24, 23, 2, 0.09, ' + 1 + 1 + 1 + 1 + 1 + 1 + 2 + 1 + 1', '2016-12-01 14:05:05', '2016-12-01 14:14:53'),
(171, 50, 6, 28, 11, 2, 0.09, ' + 1 + 1 + 1 + 1 + 1 + 1 + 2 + 1 + 1', '2016-12-01 14:05:05', '2016-12-01 14:14:53'),
(172, 9, 5, 24, 4, 2, 0.08, ' + 1 + 1 + 1 + 1 + 1 + 1 + 2 + 1 + 1+ 1 ', '2016-12-01 14:05:05', '2016-12-01 14:14:53'),
(173, 82, 6, 10, 21, 2, 0.09, ' + 1 + 1 + 1 + 1 + 1 + 1 + 2 + 1 + 1', '2016-12-01 14:05:05', '2016-12-01 14:14:54'),
(174, 42, 5, 25, 5, 2, 0.09, ' + 1 + 1 + 1 + 1 + 1 + 1 + 2 + 1 + 1', '2016-12-01 14:05:05', '2016-12-01 14:14:54'),
(175, 107, 9, 23, 5, 2, 0.09, ' + 1 + 1 + 1 + 1 + 1 + 1 + 2 + 1 + 1', '2016-12-01 14:05:05', '2016-12-01 14:14:54'),
(176, 19, 8, 15, 17, 2, 0.09, ' + 1 + 1 + 1 + 1 + 1 + 1 + 2 + 1 + 1', '2016-12-01 14:05:05', '2016-12-01 14:14:54'),
(177, 83, 5, 30, 13, 2, 0.09, ' + 1 + 1 + 1 + 1 + 1 + 1 + 2 + 1 + 1', '2016-12-01 14:05:05', '2016-12-01 14:14:54'),
(178, 14, 5, 22, 16, 2, 0.09, ' + 1 + 1 + 1 + 1 + 1 + 1 + 2 + 1 + 1', '2016-12-01 14:05:05', '2016-12-01 14:14:54'),
(179, 92, 6, 24, 6, 2, 0.09, ' + 1 + 1 + 1 + 1 + 1 + 1 + 2 + 1 + 1', '2016-12-01 14:05:05', '2016-12-01 14:14:54'),
(180, 29, 6, 10, 13, 2, 0.09, ' + 1 + 1 + 1 + 1 + 1 + 1 + 2 + 1 + 1', '2016-12-01 14:05:05', '2016-12-01 14:14:54'),
(181, 101, 7, 12, 10, 2, 0.09, ' + 1 + 1 + 1 + 1 + 1 + 1 + 2 + 1 + 1', '2016-12-01 14:05:05', '2016-12-01 14:14:54'),
(182, 108, 8, 8, 6, 2, 0.09, ' + 1 + 1 + 1 + 1 + 1 + 1 + 2 + 1 + 1', '2016-12-01 14:05:05', '2016-12-01 14:14:54'),
(183, 53, 5, 20, 28, 2, 0.09, ' + 1 + 1 + 1 + 1 + 1 + 1 + 2 + 1 + 1', '2016-12-01 14:05:05', '2016-12-01 14:14:54'),
(184, 106, 8, 14, 5, 2, 0.09, ' + 1 + 1 + 1 + 1 + 1 + 1 + 2 + 1 + 1', '2016-12-01 14:05:05', '2016-12-01 14:14:54'),
(185, 51, 9, 30, 18, 2, 0.09, ' + 1 + 1 + 1 + 1 + 1 + 1 + 2 + 1 + 1', '2016-12-01 14:05:05', '2016-12-01 14:14:54'),
(186, 16, 9, 20, 26, 2, 0.09, ' + 1 + 1 + 1 + 1 + 1 + 1 + 2 + 1 + 1', '2016-12-01 14:05:05', '2016-12-01 14:14:54'),
(187, 121, 4, 24, 27, 2, 0.09, ' + 1 + 1 + 1 + 1 + 1 + 1 + 2 + 1 + 1', '2016-12-01 14:05:05', '2016-12-01 14:14:54'),
(188, 70, 7, 18, 23, 2, 0.09, ' + 1 + 1 + 1 + 1 + 1 + 1 + 2 + 1 + 1', '2016-12-01 14:05:05', '2016-12-01 14:14:54'),
(189, 97, 5, 23, 5, 2, 0.09, ' + 1 + 1 + 1 + 1 + 1 + 1 + 2 + 1 + 1', '2016-12-01 14:05:05', '2016-12-01 14:14:54'),
(190, 123, 7, 28, 16, 2, 0.09, ' + 1 + 1 + 1 + 1 + 1 + 1 + 2 + 1 + 1', '2016-12-01 14:05:05', '2016-12-01 14:14:54'),
(191, 37, 8, 7, 8, 2, 0.09, ' + 1 + 1 + 1 + 1 + 1 + 1 + 2 + 1 + 1', '2016-12-01 14:05:05', '2016-12-01 14:14:54'),
(192, 49, 8, 24, 10, 2, 0.09, ' + 1 + 1 + 1 + 1 + 1 + 1 + 2 + 1 + 1', '2016-12-01 14:05:05', '2016-12-01 14:14:54'),
(193, 56, 5, 24, 10, 2, 0.08, ' + 1 + 1 + 1 + 1 + 1 + 1 + 2 + 1 + 1+ 1 ', '2016-12-01 14:05:05', '2016-12-01 14:14:54'),
(194, 54, 5, 20, 8, 2, 0.09, ' + 1 + 1 + 1 + 1 + 1 + 1 + 2 + 1 + 1', '2016-12-01 14:05:05', '2016-12-01 14:14:54'),
(195, 99, 5, 21, 4, 2, 0.09, ' + 1 + 1 + 1 + 1 + 1 + 1 + 2 + 1 + 1', '2016-12-01 14:05:05', '2016-12-01 14:14:54'),
(196, 60, 9, 28, 29, 2, 0.09, ' + 1 + 1 + 1 + 1 + 1 + 1 + 2 + 1 + 1', '2016-12-01 14:05:05', '2016-12-01 14:14:54'),
(197, 36, 9, 24, 5, 2, 0.09, ' + 1 + 1 + 1 + 1 + 1 + 1 + 2 + 1 + 1', '2016-12-01 14:05:05', '2016-12-01 14:14:54'),
(198, 18, 6, 10, 16, 2, 0.09, ' + 1 + 1 + 1 + 1 + 1 + 1 + 2 + 1 + 1', '2016-12-01 14:05:05', '2016-12-01 14:14:54'),
(199, 18, 9, 10, 9, 2, 0.09, ' + 1 + 1 + 1 + 1 + 1 + 1 + 2 + 1 + 1', '2016-12-01 14:05:05', '2016-12-01 14:14:54'),
(200, 132, 7, 6, 5, 2, 0.09, ' + 1 + 1 + 1 + 1 + 1 + 1 + 2 + 1 + 1', '2016-12-01 14:05:05', '2016-12-01 14:14:54'),
(201, 98, 6, 17, 10, 2, 0.09, ' + 1 + 1 + 1 + 1 + 1 + 1 + 2 + 1 + 1', '2016-12-01 14:05:05', '2016-12-01 14:14:54'),
(202, 35, 9, 16, 5, 2, 0.09, ' + 1 + 1 + 1 + 1 + 1 + 1 + 2 + 1 + 1', '2016-12-01 14:05:05', '2016-12-01 14:14:54'),
(203, 67, 4, 22, 26, 2, 0.09, ' + 1 + 1 + 1 + 1 + 1 + 1 + 2 + 1 + 1', '2016-12-01 14:05:05', '2016-12-01 14:14:54'),
(204, 47, 5, 26, 9, 2, 0.09, ' + 1 + 1 + 1 + 1 + 1 + 1 + 2 + 1 + 1', '2016-12-01 14:05:05', '2016-12-01 14:14:54'),
(205, 102, 6, 12, 4, 2, 0.09, ' + 1 + 1 + 1 + 1 + 1 + 1 + 2 + 1 + 1', '2016-12-01 14:05:05', '2016-12-01 14:14:54'),
(206, 66, 8, 30, 25, 2, 0.09, ' + 1 + 1 + 1 + 1 + 1 + 1 + 2 + 1 + 1', '2016-12-01 14:05:05', '2016-12-01 14:14:54'),
(207, 110, 8, 12, 10, 2, 0.09, ' + 1 + 1 + 1 + 1 + 1 + 1 + 2 + 1 + 1', '2016-12-01 14:05:05', '2016-12-01 14:14:54'),
(208, 61, 8, 7, 8, 2, 0.09, ' + 1 + 1 + 1 + 1 + 1 + 1 + 2 + 1 + 1', '2016-12-01 14:05:05', '2016-12-01 14:14:54'),
(209, 108, 8, 14, 5, 2, 0.09, ' + 1 + 1 + 1 + 1 + 1 + 1 + 2 + 1 + 1', '2016-12-01 14:05:05', '2016-12-01 14:14:54'),
(210, 99, 9, 19, 10, 2, 0.09, ' + 1 + 1 + 1 + 1 + 1 + 1 + 2 + 1 + 1', '2016-12-01 14:05:05', '2016-12-01 14:14:54'),
(211, 125, 5, 27, 7, 2, 0.09, ' + 1 + 1 + 1 + 1 + 1 + 1 + 2 + 1 + 1', '2016-12-01 14:05:05', '2016-12-01 14:14:54'),
(212, 15, 9, 7, 29, 2, 0.09, ' + 1 + 1 + 1 + 1 + 1 + 1 + 2 + 1 + 1', '2016-12-01 14:05:05', '2016-12-01 14:14:54'),
(213, 38, 8, 6, 6, 2, 0.09, ' + 1 + 1 + 1 + 1 + 1 + 1 + 2 + 1 + 1', '2016-12-01 14:05:05', '2016-12-01 14:14:54'),
(214, 73, 7, 24, 17, 2, 0.09, ' + 1 + 1 + 1 + 1 + 1 + 1 + 2 + 1 + 1', '2016-12-01 14:05:05', '2016-12-01 14:14:54'),
(215, 111, 9, 13, 10, 2, 0.09, ' + 1 + 1 + 1 + 1 + 1 + 1 + 2 + 1 + 1', '2016-12-01 14:05:05', '2016-12-01 14:14:54'),
(216, 93, 6, 20, 5, 2, 0.09, ' + 1 + 1 + 1 + 1 + 1 + 1 + 2 + 1 + 1', '2016-12-01 14:05:05', '2016-12-01 14:14:54'),
(217, 29, 6, 16, 20, 2, 0.09, ' + 1 + 1 + 1 + 1 + 1 + 1 + 2 + 1 + 1', '2016-12-01 14:05:05', '2016-12-01 14:14:54'),
(218, 83, 4, 28, 26, 2, 0.09, ' + 1 + 1 + 1 + 1 + 1 + 1 + 2 + 1 + 1', '2016-12-01 14:05:05', '2016-12-01 14:14:54'),
(219, 70, 4, 18, 31, 2, 0.09, ' + 1 + 1 + 1 + 1 + 1 + 1 + 2 + 1 + 1', '2016-12-01 14:05:05', '2016-12-01 14:14:54'),
(220, 11, 6, 24, 20, 2, 0.09, ' + 1 + 1 + 1 + 1 + 1 + 1 + 2 + 1 + 1', '2016-12-01 14:05:05', '2016-12-01 14:14:54'),
(221, 104, 7, 11, 10, 2, 0.09, ' + 1 + 1 + 1 + 1 + 1 + 1 + 2 + 1 + 1', '2016-12-01 14:05:06', '2016-12-01 14:14:54'),
(222, 39, 8, 11, 6, 2, 0.09, ' + 1 + 1 + 1 + 1 + 1 + 1 + 2 + 1 + 1', '2016-12-01 14:05:06', '2016-12-01 14:14:54'),
(223, 31, 9, 10, 9, 2, 0.09, ' + 1 + 1 + 1 + 1 + 1 + 1 + 2 + 1 + 1', '2016-12-01 14:05:06', '2016-12-01 14:14:54'),
(224, 104, 9, 8, 6, 2, 0.09, ' + 1 + 1 + 1 + 1 + 1 + 1 + 2 + 1 + 1', '2016-12-01 14:05:06', '2016-12-01 14:14:54'),
(225, 81, 6, 22, 8, 2, 0.09, ' + 1 + 1 + 1 + 1 + 1 + 1 + 2 + 1 + 1', '2016-12-01 14:05:06', '2016-12-01 14:14:54'),
(226, 32, 9, 28, 30, 2, 0.09, ' + 1 + 1 + 1 + 1 + 1 + 1 + 2 + 1 + 1', '2016-12-01 14:05:06', '2016-12-01 14:14:54'),
(227, 62, 5, 27, 19, 2, 0.09, ' + 1 + 1 + 1 + 1 + 1 + 1 + 2 + 1 + 1', '2016-12-01 14:05:06', '2016-12-01 14:14:54'),
(228, 88, 8, 16, 28, 2, 0.09, ' + 1 + 1 + 1 + 1 + 1 + 1 + 2 + 1 + 1', '2016-12-01 14:05:06', '2016-12-01 14:14:54'),
(229, 17, 4, 7, 24, 2, 0.09, ' + 1 + 1 + 1 + 1 + 1 + 1 + 2 + 1 + 1', '2016-12-01 14:05:06', '2016-12-01 14:14:54'),
(230, 32, 8, 10, 29, 2, 0.09, ' + 1 + 1 + 1 + 1 + 1 + 1 + 2 + 1 + 1', '2016-12-01 14:05:06', '2016-12-01 14:14:54'),
(231, 15, 5, 10, 23, 2, 0.09, ' + 1 + 1 + 1 + 1 + 1 + 1 + 2 + 1 + 1', '2016-12-01 14:05:06', '2016-12-01 14:14:54'),
(232, 51, 4, 16, 17, 2, 0.09, ' + 1 + 1 + 1 + 1 + 1 + 1 + 2 + 1 + 1', '2016-12-01 14:05:06', '2016-12-01 14:14:54'),
(233, 39, 5, 21, 4, 2, 0.09, ' + 1 + 1 + 1 + 1 + 1 + 1 + 2 + 1 + 1', '2016-12-01 14:05:06', '2016-12-01 14:14:54'),
(234, 11, 8, 24, 17, 2, 0.09, ' + 1 + 1 + 1 + 1 + 1 + 1 + 2 + 1 + 1', '2016-12-01 14:05:06', '2016-12-01 14:14:54'),
(235, 97, 6, 14, 4, 2, 0.09, ' + 1 + 1 + 1 + 1 + 1 + 1 + 2 + 1 + 1', '2016-12-01 14:05:06', '2016-12-01 14:14:54'),
(236, 84, 4, 20, 9, 2, 0.09, ' + 1 + 1 + 1 + 1 + 1 + 1 + 2 + 1 + 1', '2016-12-01 14:05:06', '2016-12-01 14:14:54'),
(237, 125, 5, 15, 12, 2, 0.09, ' + 1 + 1 + 1 + 1 + 1 + 1 + 2 + 1 + 1', '2016-12-01 14:05:06', '2016-12-01 14:14:54'),
(238, 87, 5, 28, 23, 2, 0.09, ' + 1 + 1 + 1 + 1 + 1 + 1 + 2 + 1 + 1', '2016-12-01 14:05:06', '2016-12-01 14:14:54'),
(239, 49, 6, 20, 6, 2, 0.09, ' + 1 + 1 + 1 + 1 + 1 + 1 + 2 + 1 + 1', '2016-12-01 14:05:06', '2016-12-01 14:14:54'),
(240, 79, 6, 27, 7, 2, 0.09, ' + 1 + 1 + 1 + 1 + 1 + 1 + 2 + 1 + 1', '2016-12-01 14:05:06', '2016-12-01 14:14:54'),
(241, 23, 8, 30, 29, 2, 0.09, ' + 1 + 1 + 1 + 1 + 1 + 1 + 2 + 1 + 1', '2016-12-01 14:05:06', '2016-12-01 14:14:54'),
(242, 28, 4, 22, 24, 2, 0.09, ' + 1 + 1 + 1 + 1 + 1 + 1 + 2 + 1 + 1', '2016-12-01 14:05:06', '2016-12-01 14:14:54'),
(243, 52, 6, 27, 16, 2, 0.09, ' + 1 + 1 + 1 + 1 + 1 + 1 + 2 + 1 + 1', '2016-12-01 14:05:06', '2016-12-01 14:14:54'),
(244, 108, 9, 8, 6, 2, 0.09, ' + 1 + 1 + 1 + 1 + 1 + 1 + 2 + 1 + 1', '2016-12-01 14:05:06', '2016-12-01 14:14:54'),
(245, 61, 9, 30, 19, 2, 0.09, ' + 1 + 1 + 1 + 1 + 1 + 1 + 2 + 1 + 1', '2016-12-01 14:05:06', '2016-12-01 14:14:54'),
(246, 25, 5, 20, 16, 2, 0.09, ' + 1 + 1 + 1 + 1 + 1 + 1 + 2 + 1 + 1', '2016-12-01 14:05:06', '2016-12-01 14:14:54'),
(247, 127, 6, 7, 15, 3, 0.08, ' + 1 + 1 + 1 + 1 + 1 + 1 + 1 + 1 + 1 + 1 + 1 + 1', '2016-12-01 14:05:06', '2016-12-01 14:14:54'),
(248, 105, 8, 19, 10, 3, 0.08, ' + 1 + 1 + 1 + 1 + 1 + 1 + 1 + 1 + 1 + 1 + 1 + 1', '2016-12-01 14:05:06', '2016-12-01 14:14:55'),
(249, 118, 8, 20, 30, 3, 0.08, ' + 1 + 1 + 1 + 1 + 1 + 1 + 1 + 1 + 1 + 1 + 1 + 1', '2016-12-01 14:05:06', '2016-12-01 14:14:55'),
(250, 121, 9, 16, 25, 3, 0.08, ' + 1 + 1 + 1 + 1 + 1 + 1 + 1 + 1 + 1 + 1 + 1 + 1', '2016-12-01 14:05:06', '2016-12-01 14:14:55'),
(251, 130, 5, 8, 10, 3, 0.08, ' + 1 + 1 + 1 + 1 + 1 + 1 + 1 + 1 + 1 + 1 + 1 + 1', '2016-12-01 14:05:06', '2016-12-01 14:14:55'),
(252, 98, 9, 21, 6, 3, 0.08, ' + 1 + 1 + 1 + 1 + 1 + 1 + 1 + 1 + 1 + 1 + 1 + 1', '2016-12-01 14:05:06', '2016-12-01 14:14:55'),
(253, 50, 8, 20, 31, 3, 0.08, ' + 1 + 1 + 1 + 1 + 1 + 1 + 1 + 1 + 1 + 1 + 1 + 1', '2016-12-01 14:05:06', '2016-12-01 14:14:56'),
(254, 82, 8, 20, 15, 3, 0.08, ' + 1 + 1 + 1 + 1 + 1 + 1 + 1 + 1 + 1 + 1 + 1 + 1', '2016-12-01 14:05:06', '2016-12-01 14:14:56'),
(255, 131, 6, 11, 4, 3, 0.08, ' + 1 + 1 + 1 + 1 + 1 + 1 + 1 + 1 + 1 + 1 + 1 + 1', '2016-12-01 14:05:06', '2016-12-01 14:14:56'),
(256, 95, 6, 6, 5, 3, 0.08, ' + 1 + 1 + 1 + 1 + 1 + 1 + 1 + 1 + 1 + 1 + 1 + 1', '2016-12-01 14:05:06', '2016-12-01 14:14:56'),
(257, 126, 7, 24, 26, 3, 0.08, ' + 1 + 1 + 1 + 1 + 1 + 1 + 1 + 1 + 1 + 1 + 1 + 1', '2016-12-01 14:05:06', '2016-12-01 14:14:56'),
(258, 70, 9, 18, 28, 3, 0.08, ' + 1 + 1 + 1 + 1 + 1 + 1 + 1 + 1 + 1 + 1 + 1 + 1', '2016-12-01 14:05:06', '2016-12-01 14:14:56'),
(259, 94, 4, 20, 4, 3, 0.08, ' + 1 + 1 + 1 + 1 + 1 + 1 + 1 + 1 + 1 + 1 + 1 + 1', '2016-12-01 14:05:06', '2016-12-01 14:14:56'),
(260, 119, 9, 18, 30, 3, 0.08, ' + 1 + 1 + 1 + 1 + 1 + 1 + 1 + 1 + 1 + 1 + 1 + 1', '2016-12-01 14:05:06', '2016-12-01 14:14:56'),
(261, 47, 8, 26, 24, 3, 0.08, ' + 1 + 1 + 1 + 1 + 1 + 1 + 1 + 1 + 1 + 1 + 1 + 1', '2016-12-01 14:05:06', '2016-12-01 14:14:56'),
(262, 50, 4, 7, 11, 3, 0.08, ' + 1 + 1 + 1 + 1 + 1 + 1 + 1 + 1 + 1 + 1 + 1 + 1', '2016-12-01 14:05:06', '2016-12-01 14:14:56'),
(263, 77, 7, 7, 29, 3, 0.08, ' + 1 + 1 + 1 + 1 + 1 + 1 + 1 + 1 + 1 + 1 + 1 + 1', '2016-12-01 14:05:06', '2016-12-01 14:14:56'),
(264, 96, 9, 17, 5, 3, 0.08, ' + 1 + 1 + 1 + 1 + 1 + 1 + 1 + 1 + 1 + 1 + 1 + 1', '2016-12-01 14:05:06', '2016-12-01 14:14:56'),
(265, 68, 9, 27, 18, 3, 0.08, ' + 1 + 1 + 1 + 1 + 1 + 1 + 1 + 1 + 1 + 1 + 1 + 1', '2016-12-01 14:05:06', '2016-12-01 14:14:56'),
(266, 82, 9, 10, 30, 3, 0.08, ' + 1 + 1 + 1 + 1 + 1 + 1 + 1 + 1 + 1 + 1 + 1 + 1', '2016-12-01 14:05:06', '2016-12-01 14:14:56'),
(267, 113, 5, 14, 10, 3, 0.08, ' + 1 + 1 + 1 + 1 + 1 + 1 + 1 + 1 + 1 + 1 + 1 + 1', '2016-12-01 14:05:06', '2016-12-01 14:14:56'),
(268, 45, 8, 9, 5, 3, 0.08, ' + 1 + 1 + 1 + 1 + 1 + 1 + 1 + 1 + 1 + 1 + 1 + 1', '2016-12-01 14:05:06', '2016-12-01 14:14:56'),
(269, 85, 4, 30, 18, 3, 0.08, ' + 1 + 1 + 1 + 1 + 1 + 1 + 1 + 1 + 1 + 1 + 1 + 1', '2016-12-01 14:05:06', '2016-12-01 14:14:56'),
(270, 124, 7, 15, 26, 3, 0.08, ' + 1 + 1 + 1 + 1 + 1 + 1 + 1 + 1 + 1 + 1 + 1 + 1', '2016-12-01 14:05:06', '2016-12-01 14:14:56'),
(271, 60, 4, 20, 24, 3, 0.08, ' + 1 + 1 + 1 + 1 + 1 + 1 + 1 + 1 + 1 + 1 + 1 + 1', '2016-12-01 14:05:06', '2016-12-01 14:14:56'),
(272, 34, 5, 20, 10, 3, 0.08, ' + 1 + 1 + 1 + 1 + 1 + 1 + 1 + 1 + 1 + 1 + 1 + 1', '2016-12-01 14:05:06', '2016-12-01 14:14:56'),
(273, 66, 5, 7, 30, 3, 0.08, ' + 1 + 1 + 1 + 1 + 1 + 1 + 1 + 1 + 1 + 1 + 1 + 1', '2016-12-01 14:05:06', '2016-12-01 14:14:56'),
(274, 38, 9, 17, 6, 3, 0.08, ' + 1 + 1 + 1 + 1 + 1 + 1 + 1 + 1 + 1 + 1 + 1 + 1', '2016-12-01 14:05:06', '2016-12-01 14:14:56'),
(275, 76, 5, 16, 9, 3, 0.08, ' + 1 + 1 + 1 + 1 + 1 + 1 + 1 + 1 + 1 + 1 + 1 + 1', '2016-12-01 14:05:06', '2016-12-01 14:14:56'),
(276, 9, 4, 16, 5, 3, 0.08, ' + 1 + 1 + 1 + 1 + 1 + 1 + 1 + 1 + 1 + 1 + 1 + 1', '2016-12-01 14:05:06', '2016-12-01 14:14:56'),
(277, 56, 6, 20, 5, 3, 0.08, ' + 1 + 1 + 1 + 1 + 1 + 1 + 1 + 1 + 1 + 1 + 1 + 1', '2016-12-01 14:05:06', '2016-12-01 14:14:56'),
(278, 79, 9, 15, 23, 3, 0.08, ' + 1 + 1 + 1 + 1 + 1 + 1 + 1 + 1 + 1 + 1 + 1 + 1', '2016-12-01 14:05:06', '2016-12-01 14:14:56'),
(279, 62, 9, 15, 29, 3, 0.08, ' + 1 + 1 + 1 + 1 + 1 + 1 + 1 + 1 + 1 + 1 + 1 + 1', '2016-12-01 14:05:06', '2016-12-01 14:14:56'),
(280, 24, 4, 16, 8, 3, 0.08, ' + 1 + 1 + 1 + 1 + 1 + 1 + 1 + 1 + 1 + 1 + 1 + 1', '2016-12-01 14:05:07', '2016-12-01 14:14:56'),
(281, 121, 7, 28, 11, 3, 0.08, ' + 1 + 1 + 1 + 1 + 1 + 1 + 1 + 1 + 1 + 1 + 1 + 1', '2016-12-01 14:05:07', '2016-12-01 14:14:56'),
(282, 55, 5, 30, 5, 3, 0.08, ' + 1 + 1 + 1 + 1 + 1 + 1 + 1 + 1 + 1 + 1 + 1 + 1', '2016-12-01 14:05:07', '2016-12-01 14:14:56'),
(283, 97, 6, 6, 6, 3, 0.08, ' + 1 + 1 + 1 + 1 + 1 + 1 + 1 + 1 + 1 + 1 + 1 + 1', '2016-12-01 14:05:07', '2016-12-01 14:14:56'),
(284, 48, 9, 7, 24, 3, 0.08, ' + 1 + 1 + 1 + 1 + 1 + 1 + 1 + 1 + 1 + 1 + 1 + 1', '2016-12-01 14:05:07', '2016-12-01 14:14:56'),
(285, 66, 7, 24, 30, 3, 0.08, ' + 1 + 1 + 1 + 1 + 1 + 1 + 1 + 1 + 1 + 1 + 1 + 1', '2016-12-01 14:05:07', '2016-12-01 14:14:56'),
(286, 8, 4, 16, 4, 3, 0.08, ' + 1 + 1 + 1 + 1 + 1 + 1 + 1 + 1 + 1 + 1 + 1 + 1', '2016-12-01 14:05:07', '2016-12-01 14:14:56'),
(287, 60, 4, 24, 20, 3, 0.08, ' + 1 + 1 + 1 + 1 + 1 + 1 + 1 + 1 + 1 + 1 + 1 + 1', '2016-12-01 14:05:07', '2016-12-01 14:14:56'),
(288, 86, 6, 7, 19, 3, 0.08, ' + 1 + 1 + 1 + 1 + 1 + 1 + 1 + 1 + 1 + 1 + 1 + 1', '2016-12-01 14:05:07', '2016-12-01 14:14:56'),
(289, 109, 7, 23, 4, 3, 0.08, ' + 1 + 1 + 1 + 1 + 1 + 1 + 1 + 1 + 1 + 1 + 1 + 1', '2016-12-01 14:05:07', '2016-12-01 14:14:56'),
(290, 90, 5, 30, 10, 3, 0.08, ' + 1 + 1 + 1 + 1 + 1 + 1 + 1 + 1 + 1 + 1 + 1 + 1', '2016-12-01 14:05:07', '2016-12-01 14:14:56'),
(291, 68, 5, 27, 31, 3, 0.08, ' + 1 + 1 + 1 + 1 + 1 + 1 + 1 + 1 + 1 + 1 + 1 + 1', '2016-12-01 14:05:07', '2016-12-01 14:14:56'),
(292, 23, 7, 24, 23, 3, 0.08, ' + 1 + 1 + 1 + 1 + 1 + 1 + 1 + 1 + 1 + 1 + 1 + 1', '2016-12-01 14:05:07', '2016-12-01 14:14:56'),
(293, 34, 6, 16, 4, 3, 0.08, ' + 1 + 1 + 1 + 1 + 1 + 1 + 1 + 1 + 1 + 1 + 1 + 1', '2016-12-01 14:05:07', '2016-12-01 14:14:56'),
(294, 19, 5, 22, 17, 3, 0.08, ' + 1 + 1 + 1 + 1 + 1 + 1 + 1 + 1 + 1 + 1 + 1 + 1', '2016-12-01 14:05:07', '2016-12-01 14:14:56'),
(295, 125, 6, 27, 22, 3, 0.08, ' + 1 + 1 + 1 + 1 + 1 + 1 + 1 + 1 + 1 + 1 + 1 + 1', '2016-12-01 14:05:07', '2016-12-01 14:14:56'),
(296, 114, 8, 14, 5, 3, 0.08, ' + 1 + 1 + 1 + 1 + 1 + 1 + 1 + 1 + 1 + 1 + 1 + 1', '2016-12-01 14:05:07', '2016-12-01 14:14:57'),
(297, 115, 8, 28, 19, 3, 0.08, ' + 1 + 1 + 1 + 1 + 1 + 1 + 1 + 1 + 1 + 1 + 1 + 1', '2016-12-01 14:05:07', '2016-12-01 14:14:57'),
(298, 8, 6, 10, 5, 3, 0.08, ' + 1 + 1 + 1 + 1 + 1 + 1 + 1 + 1 + 1 + 1 + 1 + 1', '2016-12-01 14:05:07', '2016-12-01 14:14:57'),
(299, 65, 6, 27, 22, 3, 0.08, ' + 1 + 1 + 1 + 1 + 1 + 1 + 1 + 1 + 1 + 1 + 1 + 1', '2016-12-01 14:05:07', '2016-12-01 14:14:57'),
(300, 130, 7, 21, 6, 3, 0.08, ' + 1 + 1 + 1 + 1 + 1 + 1 + 1 + 1 + 1 + 1 + 1 + 1', '2016-12-01 14:05:07', '2016-12-01 14:14:57'),
(301, 18, 4, 30, 11, 3, 0.08, ' + 1 + 1 + 1 + 1 + 1 + 1 + 1 + 1 + 1 + 1 + 1 + 1', '2016-12-01 14:05:07', '2016-12-01 14:14:57'),
(302, 121, 7, 16, 19, 3, 0.08, ' + 1 + 1 + 1 + 1 + 1 + 1 + 1 + 1 + 1 + 1 + 1 + 1', '2016-12-01 14:05:07', '2016-12-01 14:14:57'),
(303, 85, 6, 30, 31, 3, 0.08, ' + 1 + 1 + 1 + 1 + 1 + 1 + 1 + 1 + 1 + 1 + 1 + 1', '2016-12-01 14:05:07', '2016-12-01 14:14:57'),
(304, 10, 5, 15, 28, 3, 0.08, ' + 1 + 1 + 1 + 1 + 1 + 1 + 1 + 1 + 1 + 1 + 1 + 1', '2016-12-01 14:05:07', '2016-12-01 14:14:57'),
(305, 79, 8, 22, 19, 3, 0.08, ' + 1 + 1 + 1 + 1 + 1 + 1 + 1 + 1 + 1 + 1 + 1 + 1', '2016-12-01 14:05:07', '2016-12-01 14:14:57'),
(306, 11, 5, 28, 24, 3, 0.08, ' + 1 + 1 + 1 + 1 + 1 + 1 + 1 + 1 + 1 + 1 + 1 + 1', '2016-12-01 14:05:07', '2016-12-01 14:14:57'),
(307, 128, 5, 20, 7, 3, 0.08, ' + 1 + 1 + 1 + 1 + 1 + 1 + 1 + 1 + 1 + 1 + 1 + 1', '2016-12-01 14:05:07', '2016-12-01 14:14:57'),
(308, 96, 7, 19, 6, 3, 0.08, ' + 1 + 1 + 1 + 1 + 1 + 1 + 1 + 1 + 1 + 1 + 1 + 1', '2016-12-01 14:05:07', '2016-12-01 14:14:57'),
(309, 52, 7, 27, 29, 3, 0.08, ' + 1 + 1 + 1 + 1 + 1 + 1 + 1 + 1 + 1 + 1 + 1 + 1', '2016-12-01 14:05:07', '2016-12-01 14:14:57'),
(310, 108, 7, 23, 6, 3, 0.08, ' + 1 + 1 + 1 + 1 + 1 + 1 + 1 + 1 + 1 + 1 + 1 + 1', '2016-12-01 14:05:07', '2016-12-01 14:14:57'),
(311, 77, 9, 7, 12, 3, 0.08, ' + 1 + 1 + 1 + 1 + 1 + 1 + 1 + 1 + 1 + 1 + 1 + 1', '2016-12-01 14:05:07', '2016-12-01 14:14:57'),
(312, 60, 8, 28, 21, 3, 0.08, ' + 1 + 1 + 1 + 1 + 1 + 1 + 1 + 1 + 1 + 1 + 1 + 1', '2016-12-01 14:05:07', '2016-12-01 14:14:57'),
(313, 18, 4, 24, 17, 3, 0.08, ' + 1 + 1 + 1 + 1 + 1 + 1 + 1 + 1 + 1 + 1 + 1 + 1', '2016-12-01 14:05:07', '2016-12-01 14:14:57'),
(314, 67, 5, 15, 29, 3, 0.08, ' + 1 + 1 + 1 + 1 + 1 + 1 + 1 + 1 + 1 + 1 + 1 + 1', '2016-12-01 14:05:07', '2016-12-01 14:14:57'),
(315, 63, 9, 15, 21, 3, 0.08, ' + 1 + 1 + 1 + 1 + 1 + 1 + 1 + 1 + 1 + 1 + 1 + 1', '2016-12-01 14:05:07', '2016-12-01 14:14:57'),
(316, 43, 8, 7, 10, 3, 0.08, ' + 1 + 1 + 1 + 1 + 1 + 1 + 1 + 1 + 1 + 1 + 1 + 1', '2016-12-01 14:05:07', '2016-12-01 14:14:57'),
(317, 50, 5, 16, 14, 3, 0.08, ' + 1 + 1 + 1 + 1 + 1 + 1 + 1 + 1 + 1 + 1 + 1 + 1', '2016-12-01 14:05:07', '2016-12-01 14:14:57'),
(318, 7, 9, 28, 5, 3, 0.08, ' + 1 + 1 + 1 + 1 + 1 + 1 + 1 + 1 + 1 + 1 + 1 + 1', '2016-12-01 14:05:07', '2016-12-01 14:14:57'),
(319, 80, 8, 27, 22, 3, 0.08, ' + 1 + 1 + 1 + 1 + 1 + 1 + 1 + 1 + 1 + 1 + 1 + 1', '2016-12-01 14:05:08', '2016-12-01 14:14:57'),
(320, 58, 9, 22, 23, 3, 0.08, ' + 1 + 1 + 1 + 1 + 1 + 1 + 1 + 1 + 1 + 1 + 1 + 1', '2016-12-01 14:05:08', '2016-12-01 14:14:57'),
(321, 78, 9, 22, 13, 3, 0.08, ' + 1 + 1 + 1 + 1 + 1 + 1 + 1 + 1 + 1 + 1 + 1 + 1', '2016-12-01 14:05:08', '2016-12-01 14:14:57'),
(322, 24, 4, 20, 7, 3, 0.08, ' + 1 + 1 + 1 + 1 + 1 + 1 + 1 + 1 + 1 + 1 + 1 + 1', '2016-12-01 14:05:08', '2016-12-01 14:14:57'),
(323, 123, 4, 24, 28, 3, 0.08, ' + 1 + 1 + 1 + 1 + 1 + 1 + 1 + 1 + 1 + 1 + 1 + 1', '2016-12-01 14:05:08', '2016-12-01 14:14:57'),
(324, 35, 7, 16, 6, 3, 0.08, ' + 1 + 1 + 1 + 1 + 1 + 1 + 1 + 1 + 1 + 1 + 1 + 1', '2016-12-01 14:05:08', '2016-12-01 14:14:57'),
(325, 28, 8, 27, 28, 3, 0.08, ' + 1 + 1 + 1 + 1 + 1 + 1 + 1 + 1 + 1 + 1 + 1 + 1', '2016-12-01 14:05:08', '2016-12-01 14:14:57'),
(326, 92, 8, 28, 4, 3, 0.08, ' + 1 + 1 + 1 + 1 + 1 + 1 + 1 + 1 + 1 + 1 + 1 + 1', '2016-12-01 14:05:08', '2016-12-01 14:14:57'),
(327, 24, 5, 7, 28, 3, 0.08, ' + 1 + 1 + 1 + 1 + 1 + 1 + 1 + 1 + 1 + 1 + 1 + 1', '2016-12-01 14:05:08', '2016-12-01 14:14:57'),
(328, 94, 6, 10, 10, 3, 0.08, ' + 1 + 1 + 1 + 1 + 1 + 1 + 1 + 1 + 1 + 1 + 1 + 1', '2016-12-01 14:05:08', '2016-12-01 14:14:57'),
(329, 76, 7, 16, 19, 3, 0.08, ' + 1 + 1 + 1 + 1 + 1 + 1 + 1 + 1 + 1 + 1 + 1 + 1', '2016-12-01 14:05:08', '2016-12-01 14:14:57'),
(330, 30, 7, 30, 22, 3, 0.08, ' + 1 + 1 + 1 + 1 + 1 + 1 + 1 + 1 + 1 + 1 + 1 + 1', '2016-12-01 14:05:08', '2016-12-01 14:14:57'),
(331, 92, 6, 20, 6, 3, 0.08, ' + 1 + 1 + 1 + 1 + 1 + 1 + 1 + 1 + 1 + 1 + 1 + 1', '2016-12-01 14:05:08', '2016-12-01 14:14:57'),
(332, 30, 6, 16, 18, 3, 0.08, ' + 1 + 1 + 1 + 1 + 1 + 1 + 1 + 1 + 1 + 1 + 1 + 1', '2016-12-01 14:05:08', '2016-12-01 14:14:57'),
(333, 99, 7, 11, 6, 3, 0.08, ' + 1 + 1 + 1 + 1 + 1 + 1 + 1 + 1 + 1 + 1 + 1 + 1', '2016-12-01 14:05:08', '2016-12-01 14:14:57'),
(334, 104, 9, 17, 6, 3, 0.08, ' + 1 + 1 + 1 + 1 + 1 + 1 + 1 + 1 + 1 + 1 + 1 + 1', '2016-12-01 14:05:08', '2016-12-01 14:14:57'),
(335, 51, 8, 10, 9, 3, 0.08, ' + 1 + 1 + 1 + 1 + 1 + 1 + 1 + 1 + 1 + 1 + 1 + 1', '2016-12-01 14:05:08', '2016-12-01 14:14:57'),
(336, 27, 6, 30, 15, 3, 0.08, ' + 1 + 1 + 1 + 1 + 1 + 1 + 1 + 1 + 1 + 1 + 1 + 1', '2016-12-01 14:05:08', '2016-12-01 14:14:57'),
(337, 120, 9, 18, 28, 3, 0.08, ' + 1 + 1 + 1 + 1 + 1 + 1 + 1 + 1 + 1 + 1 + 1 + 1', '2016-12-01 14:05:08', '2016-12-01 14:14:58'),
(338, 113, 7, 25, 10, 3, 0.08, ' + 1 + 1 + 1 + 1 + 1 + 1 + 1 + 1 + 1 + 1 + 1 + 1', '2016-12-01 14:05:08', '2016-12-01 14:14:58'),
(339, 82, 4, 30, 30, 3, 0.08, ' + 1 + 1 + 1 + 1 + 1 + 1 + 1 + 1 + 1 + 1 + 1 + 1', '2016-12-01 14:05:08', '2016-12-01 14:14:58'),
(340, 124, 4, 27, 9, 3, 0.08, ' + 1 + 1 + 1 + 1 + 1 + 1 + 1 + 1 + 1 + 1 + 1 + 1', '2016-12-01 14:05:08', '2016-12-01 14:14:58'),
(341, 129, 8, 28, 27, 3, 0.08, ' + 1 + 1 + 1 + 1 + 1 + 1 + 1 + 1 + 1 + 1 + 1 + 1', '2016-12-01 14:05:08', '2016-12-01 14:14:58'),
(342, 42, 6, 12, 10, 3, 0.08, ' + 1 + 1 + 1 + 1 + 1 + 1 + 1 + 1 + 1 + 1 + 1 + 1', '2016-12-01 14:05:08', '2016-12-01 14:14:58'),
(343, 66, 9, 16, 27, 3, 0.08, ' + 1 + 1 + 1 + 1 + 1 + 1 + 1 + 1 + 1 + 1 + 1 + 1', '2016-12-01 14:05:08', '2016-12-01 14:14:58'),
(344, 75, 7, 30, 20, 3, 0.08, ' + 1 + 1 + 1 + 1 + 1 + 1 + 1 + 1 + 1 + 1 + 1 + 1', '2016-12-01 14:05:08', '2016-12-01 14:14:58'),
(345, 70, 8, 18, 29, 3, 0.08, ' + 1 + 1 + 1 + 1 + 1 + 1 + 1 + 1 + 1 + 1 + 1 + 1', '2016-12-01 14:05:08', '2016-12-01 14:14:58'),
(346, 15, 6, 10, 17, 3, 0.08, ' + 1 + 1 + 1 + 1 + 1 + 1 + 1 + 1 + 1 + 1 + 1 + 1', '2016-12-01 14:05:08', '2016-12-01 14:14:58'),
(347, 31, 8, 30, 18, 3, 0.08, ' + 1 + 1 + 1 + 1 + 1 + 1 + 1 + 1 + 1 + 1 + 1 + 1', '2016-12-01 14:05:08', '2016-12-01 14:14:58'),
(348, 20, 8, 26, 26, 3, 0.08, ' + 1 + 1 + 1 + 1 + 1 + 1 + 1 + 1 + 1 + 1 + 1 + 1', '2016-12-01 14:05:08', '2016-12-01 14:14:58'),
(349, 50, 7, 28, 19, 3, 0.08, ' + 1 + 1 + 1 + 1 + 1 + 1 + 1 + 1 + 1 + 1 + 1 + 1', '2016-12-01 14:05:08', '2016-12-01 14:14:58'),
(350, 75, 5, 10, 15, 3, 0.08, ' + 1 + 1 + 1 + 1 + 1 + 1 + 1 + 1 + 1 + 1 + 1 + 1', '2016-12-01 14:05:08', '2016-12-01 14:14:58'),
(351, 127, 7, 30, 22, 3, 0.08, ' + 1 + 1 + 1 + 1 + 1 + 1 + 1 + 1 + 1 + 1 + 1 + 1', '2016-12-01 14:05:08', '2016-12-01 14:14:58'),
(352, 58, 4, 15, 26, 3, 0.08, ' + 1 + 1 + 1 + 1 + 1 + 1 + 1 + 1 + 1 + 1 + 1 + 1', '2016-12-01 14:05:08', '2016-12-01 14:14:58'),
(353, 53, 9, 30, 24, 3, 0.08, ' + 1 + 1 + 1 + 1 + 1 + 1 + 1 + 1 + 1 + 1 + 1 + 1', '2016-12-01 14:05:08', '2016-12-01 14:14:58'),
(354, 61, 8, 30, 25, 3, 0.08, ' + 1 + 1 + 1 + 1 + 1 + 1 + 1 + 1 + 1 + 1 + 1 + 1', '2016-12-01 14:05:08', '2016-12-01 14:14:58'),
(355, 130, 5, 23, 6, 3, 0.08, ' + 1 + 1 + 1 + 1 + 1 + 1 + 1 + 1 + 1 + 1 + 1 + 1', '2016-12-01 14:05:08', '2016-12-01 14:14:58'),
(356, 75, 8, 24, 17, 3, 0.08, ' + 1 + 1 + 1 + 1 + 1 + 1 + 1 + 1 + 1 + 1 + 1 + 1', '2016-12-01 14:05:08', '2016-12-01 14:14:58'),
(357, 52, 7, 22, 9, 3, 0.08, ' + 1 + 1 + 1 + 1 + 1 + 1 + 1 + 1 + 1 + 1 + 1 + 1', '2016-12-01 14:05:08', '2016-12-01 14:14:58'),
(358, 116, 5, 24, 26, 3, 0.07, ' + 1 + 1 + 1 + 1 + 1 + 1 + 1 + 1 + 1 + 1 + 1 + 1+ 1 ', '2016-12-01 14:05:08', '2016-12-01 14:14:58'),
(359, 101, 5, 13, 10, 3, 0.08, ' + 1 + 1 + 1 + 1 + 1 + 1 + 1 + 1 + 1 + 1 + 1 + 1', '2016-12-01 14:05:08', '2016-12-01 14:14:58'),
(360, 45, 6, 8, 5, 3, 0.08, ' + 1 + 1 + 1 + 1 + 1 + 1 + 1 + 1 + 1 + 1 + 1 + 1', '2016-12-01 14:05:08', '2016-12-01 14:14:58'),
(361, 78, 4, 27, 29, 3, 0.08, ' + 1 + 1 + 1 + 1 + 1 + 1 + 1 + 1 + 1 + 1 + 1 + 1', '2016-12-01 14:05:08', '2016-12-01 14:14:58'),
(362, 29, 6, 10, 8, 3, 0.08, ' + 1 + 1 + 1 + 1 + 1 + 1 + 1 + 1 + 1 + 1 + 1 + 1', '2016-12-01 14:05:08', '2016-12-01 14:14:58'),
(363, 120, 7, 26, 9, 3, 0.08, ' + 1 + 1 + 1 + 1 + 1 + 1 + 1 + 1 + 1 + 1 + 1 + 1', '2016-12-01 14:05:08', '2016-12-01 14:14:58'),
(364, 112, 8, 17, 6, 3, 0.08, ' + 1 + 1 + 1 + 1 + 1 + 1 + 1 + 1 + 1 + 1 + 1 + 1', '2016-12-01 14:05:08', '2016-12-01 14:14:58'),
(365, 91, 4, 10, 4, 3, 0.08, ' + 1 + 1 + 1 + 1 + 1 + 1 + 1 + 1 + 1 + 1 + 1 + 1', '2016-12-01 14:05:08', '2016-12-01 14:14:58'),
(366, 16, 7, 30, 25, 3, 0.08, ' + 1 + 1 + 1 + 1 + 1 + 1 + 1 + 1 + 1 + 1 + 1 + 1', '2016-12-01 14:05:08', '2016-12-01 14:14:58'),
(367, 72, 6, 28, 20, 3, 0.08, ' + 1 + 1 + 1 + 1 + 1 + 1 + 1 + 1 + 1 + 1 + 1 + 1', '2016-12-01 14:05:08', '2016-12-01 14:14:58'),
(368, 69, 5, 27, 14, 3, 0.08, ' + 1 + 1 + 1 + 1 + 1 + 1 + 1 + 1 + 1 + 1 + 1 + 1', '2016-12-01 14:05:08', '2016-12-01 14:14:58'),
(369, 68, 9, 27, 30, 3, 0.08, ' + 1 + 1 + 1 + 1 + 1 + 1 + 1 + 1 + 1 + 1 + 1 + 1', '2016-12-01 14:05:08', '2016-12-01 14:14:58'),
(370, 73, 7, 16, 23, 4, 0.12, ' + 1 + 1 + 1 + 1 + 1 + 1 + 1', '2016-12-01 14:05:08', '2016-12-01 14:14:58'),
(371, 51, 5, 7, 25, 4, 0.12, ' + 1 + 1 + 1 + 1 + 1 + 1 + 1', '2016-12-01 14:05:08', '2016-12-01 14:14:58'),
(372, 96, 5, 23, 5, 4, 0.12, ' + 1 + 1 + 1 + 1 + 1 + 1 + 1', '2016-12-01 14:05:08', '2016-12-01 14:14:59'),
(373, 60, 5, 28, 31, 4, 0.12, ' + 1 + 1 + 1 + 1 + 1 + 1 + 1', '2016-12-01 14:05:08', '2016-12-01 14:14:59'),
(374, 70, 8, 26, 29, 4, 0.12, ' + 1 + 1 + 1 + 1 + 1 + 1 + 1', '2016-12-01 14:05:08', '2016-12-01 14:14:59'),
(375, 68, 4, 22, 30, 4, 0.12, ' + 1 + 1 + 1 + 1 + 1 + 1 + 1', '2016-12-01 14:05:08', '2016-12-01 14:14:59'),
(376, 81, 5, 22, 19, 4, 0.12, ' + 1 + 1 + 1 + 1 + 1 + 1 + 1', '2016-12-01 14:05:08', '2016-12-01 14:14:59'),
(377, 78, 8, 27, 13, 4, 0.12, ' + 1 + 1 + 1 + 1 + 1 + 1 + 1', '2016-12-01 14:05:08', '2016-12-01 14:14:59'),
(378, 114, 6, 12, 4, 4, 0.12, ' + 1 + 1 + 1 + 1 + 1 + 1 + 1', '2016-12-01 14:05:08', '2016-12-01 14:14:59'),
(379, 62, 4, 15, 23, 4, 0.12, ' + 1 + 1 + 1 + 1 + 1 + 1 + 1', '2016-12-01 14:05:08', '2016-12-01 14:14:59'),
(380, 35, 5, 30, 4, 4, 0.12, ' + 1 + 1 + 1 + 1 + 1 + 1 + 1', '2016-12-01 14:05:09', '2016-12-01 14:14:59'),
(381, 14, 9, 15, 24, 4, 0.12, ' + 1 + 1 + 1 + 1 + 1 + 1 + 1', '2016-12-01 14:05:09', '2016-12-01 14:14:59'),
(382, 71, 6, 18, 21, 4, 0.12, ' + 1 + 1 + 1 + 1 + 1 + 1 + 1', '2016-12-01 14:05:09', '2016-12-01 14:14:59'),
(383, 82, 4, 30, 27, 4, 0.12, ' + 1 + 1 + 1 + 1 + 1 + 1 + 1', '2016-12-01 14:05:09', '2016-12-01 14:14:59'),
(384, 14, 5, 15, 28, 4, 0.12, ' + 1 + 1 + 1 + 1 + 1 + 1 + 1', '2016-12-01 14:05:09', '2016-12-01 14:14:59'),
(385, 114, 5, 13, 4, 4, 0.12, ' + 1 + 1 + 1 + 1 + 1 + 1 + 1', '2016-12-01 14:05:09', '2016-12-01 14:14:59'),
(386, 69, 9, 27, 11, 4, 0.12, ' + 1 + 1 + 1 + 1 + 1 + 1 + 1', '2016-12-01 14:05:09', '2016-12-01 14:14:59'),
(387, 45, 7, 14, 4, 4, 0.12, ' + 1 + 1 + 1 + 1 + 1 + 1 + 1', '2016-12-01 14:05:09', '2016-12-01 14:14:59'),
(388, 86, 6, 28, 14, 4, 0.12, ' + 1 + 1 + 1 + 1 + 1 + 1 + 1', '2016-12-01 14:05:09', '2016-12-01 14:14:59'),
(389, 90, 4, 7, 6, 4, 0.12, ' + 1 + 1 + 1 + 1 + 1 + 1 + 1', '2016-12-01 14:05:09', '2016-12-01 14:14:59'),
(390, 108, 6, 11, 5, 4, 0.12, ' + 1 + 1 + 1 + 1 + 1 + 1 + 1', '2016-12-01 14:05:09', '2016-12-01 14:14:59'),
(391, 30, 8, 20, 21, 4, 0.12, ' + 1 + 1 + 1 + 1 + 1 + 1 + 1', '2016-12-01 14:05:09', '2016-12-01 14:14:59'),
(392, 48, 8, 16, 9, 4, 0.12, ' + 1 + 1 + 1 + 1 + 1 + 1 + 1', '2016-12-01 14:05:09', '2016-12-01 14:14:59'),
(393, 84, 7, 30, 15, 4, 0.12, ' + 1 + 1 + 1 + 1 + 1 + 1 + 1', '2016-12-01 14:05:09', '2016-12-01 14:14:59'),
(394, 118, 9, 24, 17, 4, 0.12, ' + 1 + 1 + 1 + 1 + 1 + 1 + 1', '2016-12-01 14:05:09', '2016-12-01 14:14:59'),
(395, 111, 7, 23, 5, 4, 0.12, ' + 1 + 1 + 1 + 1 + 1 + 1 + 1', '2016-12-01 14:05:09', '2016-12-01 14:14:59'),
(396, 119, 8, 18, 13, 4, 0.12, ' + 1 + 1 + 1 + 1 + 1 + 1 + 1', '2016-12-01 14:05:09', '2016-12-01 14:14:59'),
(397, 25, 9, 20, 13, 4, 0.12, ' + 1 + 1 + 1 + 1 + 1 + 1 + 1', '2016-12-01 14:05:09', '2016-12-01 14:14:59'),
(398, 63, 5, 27, 23, 4, 0.12, ' + 1 + 1 + 1 + 1 + 1 + 1 + 1', '2016-12-01 14:05:09', '2016-12-01 14:14:59'),
(399, 70, 7, 18, 18, 4, 0.12, ' + 1 + 1 + 1 + 1 + 1 + 1 + 1', '2016-12-01 14:05:09', '2016-12-01 14:14:59'),
(400, 51, 6, 24, 14, 4, 0.12, ' + 1 + 1 + 1 + 1 + 1 + 1 + 1', '2016-12-01 14:05:09', '2016-12-01 14:14:59'),
(401, 65, 8, 27, 13, 4, 0.12, ' + 1 + 1 + 1 + 1 + 1 + 1 + 1', '2016-12-01 14:05:09', '2016-12-01 14:14:59'),
(402, 15, 8, 16, 29, 4, 0.12, ' + 1 + 1 + 1 + 1 + 1 + 1 + 1', '2016-12-01 14:05:09', '2016-12-01 14:14:59'),
(403, 110, 5, 8, 4, 4, 0.12, ' + 1 + 1 + 1 + 1 + 1 + 1 + 1', '2016-12-01 14:05:09', '2016-12-01 14:14:59');
INSERT INTO `schedules` (`id`, `teachs_id`, `days_id`, `times_id`, `rooms_id`, `type`, `value`, `value_process`, `created_at`, `updated_at`) VALUES
(404, 110, 6, 6, 6, 4, 0.12, ' + 1 + 1 + 1 + 1 + 1 + 1 + 1', '2016-12-01 14:05:09', '2016-12-01 14:14:59'),
(405, 21, 4, 20, 7, 4, 0.12, ' + 1 + 1 + 1 + 1 + 1 + 1 + 1', '2016-12-01 14:05:09', '2016-12-01 14:14:59'),
(406, 23, 6, 20, 31, 4, 0.12, ' + 1 + 1 + 1 + 1 + 1 + 1 + 1', '2016-12-01 14:05:09', '2016-12-01 14:14:59'),
(407, 35, 8, 20, 4, 4, 0.12, ' + 1 + 1 + 1 + 1 + 1 + 1 + 1', '2016-12-01 14:05:09', '2016-12-01 14:14:59'),
(408, 72, 8, 24, 9, 4, 0.12, ' + 1 + 1 + 1 + 1 + 1 + 1 + 1', '2016-12-01 14:05:09', '2016-12-01 14:14:59'),
(409, 77, 5, 10, 16, 4, 0.12, ' + 1 + 1 + 1 + 1 + 1 + 1 + 1', '2016-12-01 14:05:09', '2016-12-01 14:14:59'),
(410, 41, 6, 21, 4, 4, 0.12, ' + 1 + 1 + 1 + 1 + 1 + 1 + 1', '2016-12-01 14:05:09', '2016-12-01 14:14:59'),
(411, 31, 4, 7, 18, 4, 0.12, ' + 1 + 1 + 1 + 1 + 1 + 1 + 1', '2016-12-01 14:05:09', '2016-12-01 14:14:59'),
(412, 17, 7, 28, 27, 4, 0.12, ' + 1 + 1 + 1 + 1 + 1 + 1 + 1', '2016-12-01 14:05:09', '2016-12-01 14:14:59'),
(413, 20, 6, 18, 28, 4, 0.12, ' + 1 + 1 + 1 + 1 + 1 + 1 + 1', '2016-12-01 14:05:09', '2016-12-01 14:14:59'),
(414, 115, 6, 16, 7, 4, 0.12, ' + 1 + 1 + 1 + 1 + 1 + 1 + 1', '2016-12-01 14:05:09', '2016-12-01 14:14:59'),
(415, 31, 5, 28, 31, 4, 0.12, ' + 1 + 1 + 1 + 1 + 1 + 1 + 1', '2016-12-01 14:05:09', '2016-12-01 14:14:59'),
(416, 58, 9, 22, 9, 4, 0.12, ' + 1 + 1 + 1 + 1 + 1 + 1 + 1', '2016-12-01 14:05:09', '2016-12-01 14:14:59'),
(417, 9, 8, 20, 6, 4, 0.12, ' + 1 + 1 + 1 + 1 + 1 + 1 + 1', '2016-12-01 14:05:09', '2016-12-01 14:14:59'),
(418, 115, 9, 30, 13, 4, 0.12, ' + 1 + 1 + 1 + 1 + 1 + 1 + 1', '2016-12-01 14:05:09', '2016-12-01 14:14:59'),
(419, 33, 4, 10, 17, 4, 0.12, ' + 1 + 1 + 1 + 1 + 1 + 1 + 1', '2016-12-01 14:05:09', '2016-12-01 14:14:59'),
(420, 72, 5, 20, 12, 4, 0.12, ' + 1 + 1 + 1 + 1 + 1 + 1 + 1', '2016-12-01 14:05:09', '2016-12-01 14:14:59'),
(421, 76, 9, 10, 22, 4, 0.12, ' + 1 + 1 + 1 + 1 + 1 + 1 + 1', '2016-12-01 14:05:09', '2016-12-01 14:14:59'),
(422, 96, 4, 23, 10, 4, 0.12, ' + 1 + 1 + 1 + 1 + 1 + 1 + 1', '2016-12-01 14:05:09', '2016-12-01 14:14:59'),
(423, 63, 4, 22, 12, 4, 0.12, ' + 1 + 1 + 1 + 1 + 1 + 1 + 1', '2016-12-01 14:05:09', '2016-12-01 14:14:59'),
(424, 129, 5, 16, 15, 4, 0.12, ' + 1 + 1 + 1 + 1 + 1 + 1 + 1', '2016-12-01 14:05:09', '2016-12-01 14:14:59'),
(425, 110, 7, 17, 6, 4, 0.12, ' + 1 + 1 + 1 + 1 + 1 + 1 + 1', '2016-12-01 14:05:09', '2016-12-01 14:14:59'),
(426, 43, 7, 7, 10, 4, 0.12, ' + 1 + 1 + 1 + 1 + 1 + 1 + 1', '2016-12-01 14:05:09', '2016-12-01 14:14:59'),
(427, 28, 8, 22, 18, 4, 0.12, ' + 1 + 1 + 1 + 1 + 1 + 1 + 1', '2016-12-01 14:05:09', '2016-12-01 14:14:59'),
(428, 19, 5, 27, 21, 4, 0.12, ' + 1 + 1 + 1 + 1 + 1 + 1 + 1', '2016-12-01 14:05:09', '2016-12-01 14:14:59'),
(429, 39, 4, 12, 10, 4, 0.12, ' + 1 + 1 + 1 + 1 + 1 + 1 + 1', '2016-12-01 14:05:09', '2016-12-01 14:14:59'),
(430, 130, 6, 23, 4, 4, 0.12, ' + 1 + 1 + 1 + 1 + 1 + 1 + 1', '2016-12-01 14:05:09', '2016-12-01 14:14:59'),
(431, 54, 7, 7, 28, 4, 0.12, ' + 1 + 1 + 1 + 1 + 1 + 1 + 1', '2016-12-01 14:05:09', '2016-12-01 14:14:59'),
(432, 38, 9, 14, 6, 4, 0.12, ' + 1 + 1 + 1 + 1 + 1 + 1 + 1', '2016-12-01 14:05:09', '2016-12-01 14:14:59'),
(433, 23, 4, 10, 16, 4, 0.12, ' + 1 + 1 + 1 + 1 + 1 + 1 + 1', '2016-12-01 14:05:09', '2016-12-01 14:14:59'),
(434, 50, 7, 28, 30, 4, 0.12, ' + 1 + 1 + 1 + 1 + 1 + 1 + 1', '2016-12-01 14:05:09', '2016-12-01 14:14:59'),
(435, 115, 7, 10, 11, 4, 0.12, ' + 1 + 1 + 1 + 1 + 1 + 1 + 1', '2016-12-01 14:05:09', '2016-12-01 14:14:59'),
(436, 10, 8, 22, 23, 4, 0.12, ' + 1 + 1 + 1 + 1 + 1 + 1 + 1', '2016-12-01 14:05:09', '2016-12-01 14:14:59'),
(437, 83, 5, 16, 21, 4, 0.12, ' + 1 + 1 + 1 + 1 + 1 + 1 + 1', '2016-12-01 14:05:09', '2016-12-01 14:14:59'),
(438, 79, 5, 22, 20, 4, 0.12, ' + 1 + 1 + 1 + 1 + 1 + 1 + 1', '2016-12-01 14:05:09', '2016-12-01 14:14:59'),
(439, 25, 5, 10, 27, 4, 0.12, ' + 1 + 1 + 1 + 1 + 1 + 1 + 1', '2016-12-01 14:05:09', '2016-12-01 14:14:59'),
(440, 118, 8, 7, 15, 4, 0.12, ' + 1 + 1 + 1 + 1 + 1 + 1 + 1', '2016-12-01 14:05:09', '2016-12-01 14:14:59'),
(441, 128, 5, 20, 16, 4, 0.12, ' + 1 + 1 + 1 + 1 + 1 + 1 + 1', '2016-12-01 14:05:09', '2016-12-01 14:14:59'),
(442, 26, 9, 22, 14, 4, 0.12, ' + 1 + 1 + 1 + 1 + 1 + 1 + 1', '2016-12-01 14:05:09', '2016-12-01 14:14:59'),
(443, 53, 4, 24, 21, 4, 0.12, ' + 1 + 1 + 1 + 1 + 1 + 1 + 1', '2016-12-01 14:05:09', '2016-12-01 14:14:59'),
(444, 98, 4, 11, 5, 4, 0.12, ' + 1 + 1 + 1 + 1 + 1 + 1 + 1', '2016-12-01 14:05:09', '2016-12-01 14:14:59'),
(445, 73, 4, 10, 28, 4, 0.12, ' + 1 + 1 + 1 + 1 + 1 + 1 + 1', '2016-12-01 14:05:09', '2016-12-01 14:14:59'),
(446, 72, 8, 28, 28, 4, 0.12, ' + 1 + 1 + 1 + 1 + 1 + 1 + 1', '2016-12-01 14:05:09', '2016-12-01 14:14:59'),
(447, 10, 5, 22, 13, 4, 0.12, ' + 1 + 1 + 1 + 1 + 1 + 1 + 1', '2016-12-01 14:05:09', '2016-12-01 14:14:59'),
(448, 120, 5, 26, 25, 4, 0.12, ' + 1 + 1 + 1 + 1 + 1 + 1 + 1', '2016-12-01 14:05:09', '2016-12-01 14:14:59'),
(449, 43, 8, 28, 5, 4, 0.12, ' + 1 + 1 + 1 + 1 + 1 + 1 + 1', '2016-12-01 14:05:09', '2016-12-01 14:14:59'),
(450, 24, 9, 24, 11, 4, 0.12, ' + 1 + 1 + 1 + 1 + 1 + 1 + 1', '2016-12-01 14:05:09', '2016-12-01 14:14:59'),
(451, 107, 7, 12, 5, 4, 0.12, ' + 1 + 1 + 1 + 1 + 1 + 1 + 1', '2016-12-01 14:05:09', '2016-12-01 14:14:59'),
(452, 47, 8, 26, 7, 4, 0.12, ' + 1 + 1 + 1 + 1 + 1 + 1 + 1', '2016-12-01 14:05:09', '2016-12-01 14:14:59'),
(453, 61, 6, 20, 31, 4, 0.12, ' + 1 + 1 + 1 + 1 + 1 + 1 + 1', '2016-12-01 14:05:09', '2016-12-01 14:14:59'),
(454, 83, 6, 30, 28, 4, 0.12, ' + 1 + 1 + 1 + 1 + 1 + 1 + 1', '2016-12-01 14:05:09', '2016-12-01 14:14:59'),
(455, 11, 4, 16, 19, 4, 0.12, ' + 1 + 1 + 1 + 1 + 1 + 1 + 1', '2016-12-01 14:05:09', '2016-12-01 14:14:59'),
(456, 12, 4, 24, 5, 4, 0.12, ' + 1 + 1 + 1 + 1 + 1 + 1 + 1', '2016-12-01 14:05:10', '2016-12-01 14:14:59'),
(457, 81, 8, 15, 16, 4, 0.12, ' + 1 + 1 + 1 + 1 + 1 + 1 + 1', '2016-12-01 14:05:10', '2016-12-01 14:14:59'),
(458, 50, 8, 10, 9, 4, 0.12, ' + 1 + 1 + 1 + 1 + 1 + 1 + 1', '2016-12-01 14:05:10', '2016-12-01 14:14:59'),
(459, 125, 8, 15, 8, 4, 0.12, ' + 1 + 1 + 1 + 1 + 1 + 1 + 1', '2016-12-01 14:05:10', '2016-12-01 14:14:59'),
(460, 94, 5, 7, 4, 4, 0.12, ' + 1 + 1 + 1 + 1 + 1 + 1 + 1', '2016-12-01 14:05:10', '2016-12-01 14:14:59'),
(461, 105, 8, 9, 5, 4, 0.12, ' + 1 + 1 + 1 + 1 + 1 + 1 + 1', '2016-12-01 14:05:10', '2016-12-01 14:14:59'),
(462, 84, 5, 30, 14, 4, 0.12, ' + 1 + 1 + 1 + 1 + 1 + 1 + 1', '2016-12-01 14:05:10', '2016-12-01 14:14:59'),
(463, 12, 6, 24, 5, 4, 0.12, ' + 1 + 1 + 1 + 1 + 1 + 1 + 1', '2016-12-01 14:05:10', '2016-12-01 14:14:59'),
(464, 97, 9, 6, 4, 4, 0.12, ' + 1 + 1 + 1 + 1 + 1 + 1 + 1', '2016-12-01 14:05:10', '2016-12-01 14:14:59'),
(465, 90, 7, 28, 10, 4, 0.12, ' + 1 + 1 + 1 + 1 + 1 + 1 + 1', '2016-12-01 14:05:10', '2016-12-01 14:14:59'),
(466, 113, 5, 17, 10, 4, 0.12, ' + 1 + 1 + 1 + 1 + 1 + 1 + 1', '2016-12-01 14:05:10', '2016-12-01 14:14:59'),
(467, 78, 7, 22, 16, 4, 0.12, ' + 1 + 1 + 1 + 1 + 1 + 1 + 1', '2016-12-01 14:05:10', '2016-12-01 14:14:59'),
(468, 82, 5, 30, 28, 4, 0.12, ' + 1 + 1 + 1 + 1 + 1 + 1 + 1', '2016-12-01 14:05:10', '2016-12-01 14:14:59'),
(469, 114, 8, 17, 5, 4, 0.12, ' + 1 + 1 + 1 + 1 + 1 + 1 + 1', '2016-12-01 14:05:10', '2016-12-01 14:14:59'),
(470, 117, 4, 28, 30, 4, 0.12, ' + 1 + 1 + 1 + 1 + 1 + 1 + 1', '2016-12-01 14:05:10', '2016-12-01 14:14:59'),
(471, 55, 7, 30, 5, 4, 0.12, ' + 1 + 1 + 1 + 1 + 1 + 1 + 1', '2016-12-01 14:05:10', '2016-12-01 14:14:59'),
(472, 104, 7, 6, 4, 4, 0.12, ' + 1 + 1 + 1 + 1 + 1 + 1 + 1', '2016-12-01 14:05:10', '2016-12-01 14:14:59'),
(473, 104, 6, 17, 10, 4, 0.12, ' + 1 + 1 + 1 + 1 + 1 + 1 + 1', '2016-12-01 14:05:10', '2016-12-01 14:14:59'),
(474, 100, 4, 9, 6, 4, 0.12, ' + 1 + 1 + 1 + 1 + 1 + 1 + 1', '2016-12-01 14:05:10', '2016-12-01 14:14:59'),
(475, 15, 5, 28, 22, 4, 0.12, ' + 1 + 1 + 1 + 1 + 1 + 1 + 1', '2016-12-01 14:05:10', '2016-12-01 14:14:59'),
(476, 79, 8, 15, 27, 4, 0.12, ' + 1 + 1 + 1 + 1 + 1 + 1 + 1', '2016-12-01 14:05:10', '2016-12-01 14:15:00'),
(477, 94, 5, 10, 5, 4, 0.12, ' + 1 + 1 + 1 + 1 + 1 + 1 + 1', '2016-12-01 14:05:10', '2016-12-01 14:15:00'),
(478, 23, 8, 7, 30, 4, 0.12, ' + 1 + 1 + 1 + 1 + 1 + 1 + 1', '2016-12-01 14:05:10', '2016-12-01 14:15:00'),
(479, 81, 4, 15, 7, 4, 0.12, ' + 1 + 1 + 1 + 1 + 1 + 1 + 1', '2016-12-01 14:05:10', '2016-12-01 14:15:00'),
(480, 91, 6, 7, 4, 4, 0.12, ' + 1 + 1 + 1 + 1 + 1 + 1 + 1', '2016-12-01 14:05:10', '2016-12-01 14:15:00'),
(481, 61, 8, 10, 16, 4, 0.12, ' + 1 + 1 + 1 + 1 + 1 + 1 + 1', '2016-12-01 14:05:10', '2016-12-01 14:15:00'),
(482, 21, 8, 30, 17, 4, 0.12, ' + 1 + 1 + 1 + 1 + 1 + 1 + 1', '2016-12-01 14:05:10', '2016-12-01 14:15:00'),
(483, 20, 9, 26, 25, 4, 0.12, ' + 1 + 1 + 1 + 1 + 1 + 1 + 1', '2016-12-01 14:05:10', '2016-12-01 14:15:00'),
(484, 69, 7, 27, 15, 4, 0.12, ' + 1 + 1 + 1 + 1 + 1 + 1 + 1', '2016-12-01 14:05:10', '2016-12-01 14:15:00'),
(485, 112, 9, 25, 4, 4, 0.12, ' + 1 + 1 + 1 + 1 + 1 + 1 + 1', '2016-12-01 14:05:10', '2016-12-01 14:15:00'),
(486, 105, 9, 9, 5, 4, 0.12, ' + 1 + 1 + 1 + 1 + 1 + 1 + 1', '2016-12-01 14:05:10', '2016-12-01 14:15:00'),
(487, 31, 5, 10, 13, 4, 0.12, ' + 1 + 1 + 1 + 1 + 1 + 1 + 1', '2016-12-01 14:05:10', '2016-12-01 14:15:00'),
(488, 103, 7, 13, 10, 4, 0.12, ' + 1 + 1 + 1 + 1 + 1 + 1 + 1', '2016-12-01 14:05:10', '2016-12-01 14:15:00'),
(489, 35, 9, 10, 6, 4, 0.12, ' + 1 + 1 + 1 + 1 + 1 + 1 + 1', '2016-12-01 14:05:10', '2016-12-01 14:15:00'),
(490, 32, 9, 16, 18, 4, 0.12, ' + 1 + 1 + 1 + 1 + 1 + 1 + 1', '2016-12-01 14:05:10', '2016-12-01 14:15:00'),
(491, 55, 7, 10, 6, 4, 0.12, ' + 1 + 1 + 1 + 1 + 1 + 1 + 1', '2016-12-01 14:05:10', '2016-12-01 14:15:00'),
(492, 26, 5, 15, 17, 4, 0.12, ' + 1 + 1 + 1 + 1 + 1 + 1 + 1', '2016-12-01 14:05:10', '2016-12-01 14:15:00'),
(493, 129, 8, 24, 28, 5, 0.05, ' + 1 + 1 + 1 + 1 + 1 + 1 + 1 + 1 + 1 + 1 + 2 + 1 + 3 + 1 + 1 + 1 + 1 + 1', '2016-12-01 14:05:10', '2016-12-01 14:15:00'),
(494, 17, 4, 16, 17, 5, 0.05, ' + 1 + 1 + 1 + 1 + 1 + 1 + 1 + 1 + 1 + 1 + 2 + 1 + 3 + 1 + 1 + 1 + 1 + 1', '2016-12-01 14:05:10', '2016-12-01 14:15:00'),
(495, 122, 6, 24, 11, 5, 0.05, ' + 1 + 1 + 1 + 1 + 1 + 1 + 1 + 1 + 1 + 1 + 2 + 1 + 3 + 1 + 1 + 1 + 1 + 1', '2016-12-01 14:05:10', '2016-12-01 14:15:00'),
(496, 52, 9, 15, 30, 5, 0.05, ' + 1 + 1 + 1 + 1 + 1 + 1 + 1 + 1 + 1 + 1 + 2 + 1 + 3 + 1 + 1 + 1 + 1 + 1', '2016-12-01 14:05:10', '2016-12-01 14:15:00'),
(497, 106, 9, 6, 6, 5, 0.05, ' + 1 + 1 + 1 + 1 + 1 + 1 + 1 + 1 + 1 + 1 + 2 + 1 + 3 + 1 + 1 + 1 + 1 + 1', '2016-12-01 14:05:10', '2016-12-01 14:15:00'),
(498, 17, 7, 7, 12, 5, 0.05, ' + 1 + 1 + 1 + 1 + 1 + 1 + 1 + 1 + 1 + 1 + 2 + 1 + 3 + 1 + 1 + 1 + 1 + 1', '2016-12-01 14:05:10', '2016-12-01 14:15:00'),
(499, 41, 4, 12, 4, 5, 0.05, ' + 1 + 1 + 1 + 1 + 1 + 1 + 1 + 1 + 1 + 1 + 2 + 1 + 3 + 1 + 1 + 1 + 1 + 1', '2016-12-01 14:05:10', '2016-12-01 14:15:00'),
(500, 131, 5, 14, 10, 5, 0.05, ' + 1 + 1 + 1 + 1 + 1 + 1 + 1 + 1 + 1 + 1 + 2 + 1 + 3 + 1 + 1 + 1 + 1 + 1', '2016-12-01 14:05:10', '2016-12-01 14:15:00'),
(501, 13, 6, 10, 30, 5, 0.05, ' + 1 + 1 + 1 + 1 + 1 + 1 + 1 + 1 + 1 + 1 + 2 + 1 + 3 + 1 + 1 + 1 + 1 + 1', '2016-12-01 14:05:10', '2016-12-01 14:15:00'),
(502, 34, 7, 7, 4, 5, 0.05, ' + 1 + 1 + 1 + 1 + 1 + 1 + 1 + 1 + 1 + 1 + 2 + 1 + 3 + 1 + 1 + 1 + 1 + 1', '2016-12-01 14:05:10', '2016-12-01 14:15:00'),
(503, 56, 5, 28, 10, 5, 0.05, ' + 1 + 1 + 1 + 1 + 1 + 1 + 1 + 1 + 1 + 1 + 2 + 1 + 3 + 1 + 1 + 1 + 1 + 1', '2016-12-01 14:05:10', '2016-12-01 14:15:00'),
(504, 14, 8, 15, 9, 5, 0.05, ' + 1 + 1 + 1 + 1 + 1 + 1 + 1 + 1 + 1 + 1 + 2 + 1 + 3 + 1 + 1 + 1 + 1 + 1', '2016-12-01 14:05:10', '2016-12-01 14:15:00'),
(505, 28, 7, 27, 14, 5, 0.05, ' + 1 + 1 + 1 + 1 + 1 + 1 + 1 + 1 + 1 + 1 + 2 + 1 + 3 + 1 + 1 + 1 + 1 + 1', '2016-12-01 14:05:10', '2016-12-01 14:15:00'),
(506, 66, 5, 28, 31, 5, 0.05, ' + 1 + 1 + 1 + 1 + 1 + 1 + 1 + 1 + 1 + 1 + 2 + 1 + 3 + 1 + 1 + 1 + 1 + 1', '2016-12-01 14:05:10', '2016-12-01 14:15:01'),
(507, 42, 9, 23, 4, 5, 0.05, ' + 1 + 1 + 1 + 1 + 1 + 1 + 1 + 1 + 1 + 1 + 2 + 1 + 3 + 1 + 1 + 1 + 1 + 1', '2016-12-01 14:05:11', '2016-12-01 14:15:01'),
(508, 78, 8, 27, 23, 5, 0.05, ' + 1 + 1 + 1 + 1 + 1 + 1 + 1 + 1 + 1 + 1 + 2 + 1 + 3 + 1 + 1 + 1 + 1 + 1', '2016-12-01 14:05:11', '2016-12-01 14:15:01'),
(509, 16, 9, 20, 28, 5, 0.05, ' + 1 + 1 + 1 + 1 + 1 + 1 + 1 + 1 + 1 + 1 + 2 + 1 + 3 + 1 + 1 + 1 + 1 + 1', '2016-12-01 14:05:11', '2016-12-01 14:15:01'),
(510, 26, 9, 15, 16, 5, 0.05, ' + 1 + 1 + 1 + 1 + 1 + 1 + 1 + 1 + 1 + 1 + 2 + 1 + 3 + 1 + 1 + 1 + 1 + 1', '2016-12-01 14:05:11', '2016-12-01 14:15:01'),
(511, 94, 9, 20, 4, 5, 0.05, ' + 1 + 1 + 1 + 1 + 1 + 1 + 1 + 1 + 1 + 1 + 2 + 1 + 3 + 1 + 1 + 1 + 1 + 1', '2016-12-01 14:05:11', '2016-12-01 14:15:01'),
(512, 96, 7, 12, 5, 5, 0.05, ' + 1 + 1 + 1 + 1 + 1 + 1 + 1 + 1 + 1 + 1 + 2 + 1 + 3 + 1 + 1 + 1 + 1 + 1', '2016-12-01 14:05:11', '2016-12-01 14:15:01'),
(513, 30, 7, 16, 12, 5, 0.05, ' + 1 + 1 + 1 + 1 + 1 + 1 + 1 + 1 + 1 + 1 + 2 + 1 + 3 + 1 + 1 + 1 + 1 + 1', '2016-12-01 14:05:11', '2016-12-01 14:15:01'),
(514, 14, 9, 15, 11, 5, 0.05, ' + 1 + 1 + 1 + 1 + 1 + 1 + 1 + 1 + 1 + 1 + 2 + 1 + 3 + 1 + 1 + 1 + 1 + 1', '2016-12-01 14:05:11', '2016-12-01 14:15:01'),
(515, 42, 9, 14, 6, 5, 0.05, ' + 1 + 1 + 1 + 1 + 1 + 1 + 1 + 1 + 1 + 1 + 2 + 1 + 3 + 1 + 1 + 1 + 1 + 1', '2016-12-01 14:05:11', '2016-12-01 14:15:01'),
(516, 130, 7, 12, 5, 5, 0.05, ' + 1 + 1 + 1 + 1 + 1 + 1 + 1 + 1 + 1 + 1 + 2 + 1 + 3 + 1 + 1 + 1 + 1 + 1', '2016-12-01 14:05:11', '2016-12-01 14:15:01'),
(517, 14, 6, 22, 11, 5, 0.05, ' + 1 + 1 + 1 + 1 + 1 + 1 + 1 + 1 + 1 + 1 + 2 + 1 + 3 + 1 + 1 + 1 + 1 + 1', '2016-12-01 14:05:11', '2016-12-01 14:15:01'),
(518, 56, 4, 20, 6, 5, 0.05, ' + 1 + 1 + 1 + 1 + 1 + 1 + 1 + 1 + 1 + 1 + 2 + 1 + 3 + 1 + 1 + 1 + 1 + 1', '2016-12-01 14:05:11', '2016-12-01 14:15:01'),
(519, 112, 4, 25, 10, 5, 0.05, ' + 1 + 1 + 1 + 1 + 1 + 1 + 1 + 1 + 1 + 1 + 2 + 1 + 3 + 1 + 1 + 1 + 1 + 1', '2016-12-01 14:05:11', '2016-12-01 14:15:01'),
(520, 108, 7, 9, 10, 5, 0.05, ' + 1 + 1 + 1 + 1 + 1 + 1 + 1 + 1 + 1 + 1 + 2 + 1 + 3 + 1 + 1 + 1 + 1 + 1', '2016-12-01 14:05:11', '2016-12-01 14:15:01'),
(521, 9, 7, 7, 10, 5, 0.05, ' + 1 + 1 + 1 + 1 + 1 + 1 + 1 + 1 + 1 + 1 + 2 + 1 + 3 + 1 + 1 + 1 + 1 + 1', '2016-12-01 14:05:11', '2016-12-01 14:15:01'),
(522, 88, 4, 28, 31, 5, 0.05, ' + 1 + 1 + 1 + 1 + 1 + 1 + 1 + 1 + 1 + 1 + 2 + 1 + 3 + 1 + 1 + 1 + 1 + 1', '2016-12-01 14:05:11', '2016-12-01 14:15:01'),
(523, 130, 7, 6, 6, 5, 0.05, ' + 1 + 1 + 1 + 1 + 1 + 1 + 1 + 1 + 1 + 1 + 2 + 1 + 3 + 1 + 1 + 1 + 1 + 1', '2016-12-01 14:05:11', '2016-12-01 14:15:01'),
(524, 131, 5, 6, 5, 5, 0.05, ' + 1 + 1 + 1 + 1 + 1 + 1 + 1 + 1 + 1 + 1 + 2 + 1 + 3 + 1 + 1 + 1 + 1 + 1', '2016-12-01 14:05:11', '2016-12-01 14:15:01'),
(525, 87, 6, 7, 24, 5, 0.05, ' + 1 + 1 + 1 + 1 + 1 + 1 + 1 + 1 + 1 + 1 + 2 + 1 + 3 + 1 + 1 + 1 + 1 + 1', '2016-12-01 14:05:11', '2016-12-01 14:15:01'),
(526, 113, 7, 11, 6, 5, 0.05, ' + 1 + 1 + 1 + 1 + 1 + 1 + 1 + 1 + 1 + 1 + 2 + 1 + 3 + 1 + 1 + 1 + 1 + 1', '2016-12-01 14:05:11', '2016-12-01 14:15:01'),
(527, 19, 4, 22, 9, 5, 0.05, ' + 1 + 1 + 1 + 1 + 1 + 1 + 1 + 1 + 1 + 1 + 2 + 1 + 3 + 1 + 1 + 1 + 1 + 1', '2016-12-01 14:05:11', '2016-12-01 14:15:01'),
(528, 92, 5, 7, 5, 5, 0.05, ' + 1 + 1 + 1 + 1 + 1 + 1 + 1 + 1 + 1 + 1 + 2 + 1 + 3 + 1 + 1 + 1 + 1 + 1', '2016-12-01 14:05:11', '2016-12-01 14:15:01'),
(529, 66, 7, 20, 26, 5, 0.05, ' + 1 + 1 + 1 + 1 + 1 + 1 + 1 + 1 + 1 + 1 + 2 + 1 + 3 + 1 + 1 + 1 + 1 + 1', '2016-12-01 14:05:11', '2016-12-01 14:15:01'),
(530, 85, 9, 16, 15, 5, 0.05, ' + 1 + 1 + 1 + 1 + 1 + 1 + 1 + 1 + 1 + 1 + 2 + 1 + 3 + 1 + 1 + 1 + 1 + 1', '2016-12-01 14:05:11', '2016-12-01 14:15:01'),
(531, 128, 4, 28, 28, 5, 0.05, ' + 1 + 1 + 1 + 1 + 1 + 1 + 1 + 1 + 1 + 1 + 2 + 1 + 3 + 1 + 1 + 1 + 1 + 1', '2016-12-01 14:05:11', '2016-12-01 14:15:01'),
(532, 74, 8, 20, 16, 5, 0.05, ' + 1 + 1 + 1 + 1 + 1 + 1 + 1 + 1 + 1 + 1 + 2 + 1 + 3 + 1 + 1 + 1 + 1 + 1', '2016-12-01 14:05:11', '2016-12-01 14:15:01'),
(533, 93, 6, 20, 5, 5, 0.05, ' + 1 + 1 + 1 + 1 + 1 + 1 + 1 + 1 + 1 + 1 + 2 + 1 + 3 + 1 + 1 + 1 + 1 + 1', '2016-12-01 14:05:11', '2016-12-01 14:15:01'),
(534, 80, 9, 15, 8, 5, 0.05, ' + 1 + 1 + 1 + 1 + 1 + 1 + 1 + 1 + 1 + 1 + 2 + 1 + 3 + 1 + 1 + 1 + 1 + 1', '2016-12-01 14:05:11', '2016-12-01 14:15:01'),
(535, 51, 8, 10, 31, 5, 0.05, ' + 1 + 1 + 1 + 1 + 1 + 1 + 1 + 1 + 1 + 1 + 2 + 1 + 3 + 1 + 1 + 1 + 1 + 1', '2016-12-01 14:05:11', '2016-12-01 14:15:01'),
(536, 45, 9, 13, 6, 5, 0.05, ' + 1 + 1 + 1 + 1 + 1 + 1 + 1 + 1 + 1 + 1 + 2 + 1 + 3 + 1 + 1 + 1 + 1 + 1', '2016-12-01 14:05:11', '2016-12-01 14:15:01'),
(537, 119, 8, 26, 11, 5, 0.05, ' + 1 + 1 + 1 + 1 + 1 + 1 + 1 + 1 + 1 + 1 + 2 + 1 + 3 + 1 + 1 + 1 + 1 + 1', '2016-12-01 14:05:11', '2016-12-01 14:15:01'),
(538, 90, 8, 30, 10, 5, 0.05, ' + 1 + 1 + 1 + 1 + 1 + 1 + 1 + 1 + 1 + 1 + 2 + 1 + 3 + 1 + 1 + 1 + 1 + 1', '2016-12-01 14:05:11', '2016-12-01 14:15:01'),
(539, 120, 7, 26, 7, 5, 0.05, ' + 1 + 1 + 1 + 1 + 1 + 1 + 1 + 1 + 1 + 1 + 2 + 1 + 3 + 1 + 1 + 1 + 1 + 1', '2016-12-01 14:05:11', '2016-12-01 14:15:01'),
(540, 62, 4, 27, 18, 5, 0.05, ' + 1 + 1 + 1 + 1 + 1 + 1 + 1 + 1 + 1 + 1 + 2 + 1 + 3 + 1 + 1 + 1 + 1 + 1', '2016-12-01 14:05:11', '2016-12-01 14:15:01'),
(541, 31, 4, 28, 13, 5, 0.05, ' + 1 + 1 + 1 + 1 + 1 + 1 + 1 + 1 + 1 + 1 + 2 + 1 + 3 + 1 + 1 + 1 + 1 + 1', '2016-12-01 14:05:11', '2016-12-01 14:15:01'),
(542, 66, 6, 7, 9, 5, 0.05, ' + 1 + 1 + 1 + 1 + 1 + 1 + 1 + 1 + 1 + 1 + 2 + 1 + 3 + 1 + 1 + 1 + 1 + 1', '2016-12-01 14:05:11', '2016-12-01 14:15:01'),
(543, 67, 5, 22, 12, 5, 0.05, ' + 1 + 1 + 1 + 1 + 1 + 1 + 1 + 1 + 1 + 1 + 2 + 1 + 3 + 1 + 1 + 1 + 1 + 1', '2016-12-01 14:05:11', '2016-12-01 14:15:01'),
(544, 61, 8, 24, 7, 5, 0.05, ' + 1 + 1 + 1 + 1 + 1 + 1 + 1 + 1 + 1 + 1 + 2 + 1 + 3 + 1 + 1 + 1 + 1 + 1', '2016-12-01 14:05:11', '2016-12-01 14:15:01'),
(545, 88, 5, 7, 15, 5, 0.05, ' + 1 + 1 + 1 + 1 + 1 + 1 + 1 + 1 + 1 + 1 + 2 + 1 + 3 + 1 + 1 + 1 + 1 + 1', '2016-12-01 14:05:11', '2016-12-01 14:15:02'),
(546, 79, 9, 27, 20, 5, 0.05, ' + 1 + 1 + 1 + 1 + 1 + 1 + 1 + 1 + 1 + 1 + 2 + 1 + 3 + 1 + 1 + 1 + 1 + 1', '2016-12-01 14:05:11', '2016-12-01 14:15:02'),
(547, 95, 6, 12, 5, 5, 0.05, ' + 1 + 1 + 1 + 1 + 1 + 1 + 1 + 1 + 1 + 1 + 2 + 1 + 3 + 1 + 1 + 1 + 1 + 1', '2016-12-01 14:05:11', '2016-12-01 14:15:02'),
(548, 26, 4, 27, 21, 5, 0.05, ' + 1 + 1 + 1 + 1 + 1 + 1 + 1 + 1 + 1 + 1 + 2 + 1 + 3 + 1 + 1 + 1 + 1 + 1', '2016-12-01 14:05:11', '2016-12-01 14:15:02'),
(549, 95, 7, 21, 5, 5, 0.05, ' + 1 + 1 + 1 + 1 + 1 + 1 + 1 + 1 + 1 + 1 + 2 + 1 + 3 + 1 + 1 + 1 + 1 + 1', '2016-12-01 14:05:11', '2016-12-01 14:15:02'),
(550, 95, 4, 25, 4, 5, 0.05, ' + 1 + 1 + 1 + 1 + 1 + 1 + 1 + 1 + 1 + 1 + 2 + 1 + 3 + 1 + 1 + 1 + 1 + 1', '2016-12-01 14:05:11', '2016-12-01 14:15:02'),
(551, 100, 5, 9, 10, 5, 0.05, ' + 1 + 1 + 1 + 1 + 1 + 1 + 1 + 1 + 1 + 1 + 2 + 1 + 3 + 1 + 1 + 1 + 1 + 1', '2016-12-01 14:05:11', '2016-12-01 14:15:02'),
(552, 108, 8, 9, 10, 5, 0.05, ' + 1 + 1 + 1 + 1 + 1 + 1 + 1 + 1 + 1 + 1 + 2 + 1 + 3 + 1 + 1 + 1 + 1 + 1', '2016-12-01 14:05:11', '2016-12-01 14:15:02'),
(553, 61, 4, 28, 19, 5, 0.05, ' + 1 + 1 + 1 + 1 + 1 + 1 + 1 + 1 + 1 + 1 + 2 + 1 + 3 + 1 + 1 + 1 + 1 + 1', '2016-12-01 14:05:11', '2016-12-01 14:15:02'),
(554, 88, 5, 7, 13, 5, 0.05, ' + 1 + 1 + 1 + 1 + 1 + 1 + 1 + 1 + 1 + 1 + 2 + 1 + 3 + 1 + 1 + 1 + 1 + 1', '2016-12-01 14:05:11', '2016-12-01 14:15:02'),
(555, 9, 8, 20, 4, 5, 0.05, ' + 1 + 1 + 1 + 1 + 1 + 1 + 1 + 1 + 1 + 1 + 2 + 1 + 3 + 1 + 1 + 1 + 1 + 1', '2016-12-01 14:05:11', '2016-12-01 14:15:02'),
(556, 110, 7, 21, 5, 5, 0.05, ' + 1 + 1 + 1 + 1 + 1 + 1 + 1 + 1 + 1 + 1 + 2 + 1 + 3 + 1 + 1 + 1 + 1 + 1', '2016-12-01 14:05:11', '2016-12-01 14:15:02'),
(557, 34, 7, 16, 10, 5, 0.05, ' + 1 + 1 + 1 + 1 + 1 + 1 + 1 + 1 + 1 + 1 + 2 + 1 + 3 + 1 + 1 + 1 + 1 + 1', '2016-12-01 14:05:11', '2016-12-01 14:15:02'),
(558, 56, 4, 7, 6, 5, 0.05, ' + 1 + 1 + 1 + 1 + 1 + 1 + 1 + 1 + 1 + 1 + 2 + 1 + 3 + 1 + 1 + 1 + 1 + 1', '2016-12-01 14:05:11', '2016-12-01 14:15:02'),
(559, 112, 7, 13, 6, 5, 0.05, ' + 1 + 1 + 1 + 1 + 1 + 1 + 1 + 1 + 1 + 1 + 2 + 1 + 3 + 1 + 1 + 1 + 1 + 1', '2016-12-01 14:05:11', '2016-12-01 14:15:02'),
(560, 88, 9, 7, 26, 5, 0.05, ' + 1 + 1 + 1 + 1 + 1 + 1 + 1 + 1 + 1 + 1 + 2 + 1 + 3 + 1 + 1 + 1 + 1 + 1', '2016-12-01 14:05:12', '2016-12-01 14:15:02'),
(561, 14, 9, 15, 8, 5, 0.05, ' + 1 + 1 + 1 + 1 + 1 + 1 + 1 + 1 + 1 + 1 + 2 + 1 + 3 + 1 + 1 + 1 + 1 + 1', '2016-12-01 14:05:12', '2016-12-01 14:15:02'),
(562, 29, 7, 10, 15, 5, 0.05, ' + 1 + 1 + 1 + 1 + 1 + 1 + 1 + 1 + 1 + 1 + 2 + 1 + 3 + 1 + 1 + 1 + 1 + 1', '2016-12-01 14:05:12', '2016-12-01 14:15:02'),
(563, 9, 5, 7, 4, 5, 0.05, ' + 1 + 1 + 1 + 1 + 1 + 1 + 1 + 1 + 1 + 1 + 2 + 1 + 3 + 1 + 1 + 1 + 1 + 1', '2016-12-01 14:05:12', '2016-12-01 14:15:02'),
(564, 19, 9, 27, 25, 5, 0.05, ' + 1 + 1 + 1 + 1 + 1 + 1 + 1 + 1 + 1 + 1 + 2 + 1 + 3 + 1 + 1 + 1 + 1 + 1', '2016-12-01 14:05:12', '2016-12-01 14:15:02'),
(565, 86, 5, 20, 8, 5, 0.05, ' + 1 + 1 + 1 + 1 + 1 + 1 + 1 + 1 + 1 + 1 + 2 + 1 + 3 + 1 + 1 + 1 + 1 + 1', '2016-12-01 14:05:12', '2016-12-01 14:15:02'),
(566, 36, 7, 10, 6, 5, 0.05, ' + 1 + 1 + 1 + 1 + 1 + 1 + 1 + 1 + 1 + 1 + 2 + 1 + 3 + 1 + 1 + 1 + 1 + 1', '2016-12-01 14:05:12', '2016-12-01 14:15:02'),
(567, 60, 4, 10, 16, 5, 0.05, ' + 1 + 1 + 1 + 1 + 1 + 1 + 1 + 1 + 1 + 1 + 2 + 1 + 3 + 1 + 1 + 1 + 1 + 1', '2016-12-01 14:05:12', '2016-12-01 14:15:02'),
(568, 27, 4, 30, 27, 5, 0.05, ' + 1 + 1 + 1 + 1 + 1 + 1 + 1 + 1 + 1 + 1 + 2 + 1 + 3 + 1 + 1 + 1 + 1 + 1', '2016-12-01 14:05:12', '2016-12-01 14:15:02'),
(569, 48, 5, 20, 23, 5, 0.05, ' + 1 + 1 + 1 + 1 + 1 + 1 + 1 + 1 + 1 + 1 + 2 + 1 + 3 + 1 + 1 + 1 + 1 + 1', '2016-12-01 14:05:12', '2016-12-01 14:15:02'),
(570, 78, 9, 22, 23, 5, 0.05, ' + 1 + 1 + 1 + 1 + 1 + 1 + 1 + 1 + 1 + 1 + 2 + 1 + 3 + 1 + 1 + 1 + 1 + 1', '2016-12-01 14:05:12', '2016-12-01 14:15:02'),
(571, 106, 5, 13, 4, 5, 0.05, ' + 1 + 1 + 1 + 1 + 1 + 1 + 1 + 1 + 1 + 1 + 2 + 1 + 3 + 1 + 1 + 1 + 1 + 1', '2016-12-01 14:05:12', '2016-12-01 14:15:02'),
(572, 102, 5, 21, 5, 5, 0.05, ' + 1 + 1 + 1 + 1 + 1 + 1 + 1 + 1 + 1 + 1 + 2 + 1 + 3 + 1 + 1 + 1 + 1 + 1', '2016-12-01 14:05:12', '2016-12-01 14:15:02'),
(573, 124, 4, 27, 11, 5, 0.05, ' + 1 + 1 + 1 + 1 + 1 + 1 + 1 + 1 + 1 + 1 + 2 + 1 + 3 + 1 + 1 + 1 + 1 + 1', '2016-12-01 14:05:12', '2016-12-01 14:15:02'),
(574, 36, 7, 20, 5, 5, 0.05, ' + 1 + 1 + 1 + 1 + 1 + 1 + 1 + 1 + 1 + 1 + 2 + 1 + 3 + 1 + 1 + 1 + 1 + 1', '2016-12-01 14:05:12', '2016-12-01 14:15:02'),
(575, 18, 4, 7, 25, 5, 0.05, ' + 1 + 1 + 1 + 1 + 1 + 1 + 1 + 1 + 1 + 1 + 2 + 1 + 3 + 1 + 1 + 1 + 1 + 1', '2016-12-01 14:05:12', '2016-12-01 14:15:02'),
(576, 42, 7, 13, 10, 5, 0.05, ' + 1 + 1 + 1 + 1 + 1 + 1 + 1 + 1 + 1 + 1 + 2 + 1 + 3 + 1 + 1 + 1 + 1 + 1', '2016-12-01 14:05:12', '2016-12-01 14:15:02'),
(577, 57, 6, 28, 4, 5, 0.05, ' + 1 + 1 + 1 + 1 + 1 + 1 + 1 + 1 + 1 + 1 + 2 + 1 + 3 + 1 + 1 + 1 + 1 + 1', '2016-12-01 14:05:12', '2016-12-01 14:15:02'),
(578, 71, 8, 26, 23, 5, 0.05, ' + 1 + 1 + 1 + 1 + 1 + 1 + 1 + 1 + 1 + 1 + 2 + 1 + 3 + 1 + 1 + 1 + 1 + 1', '2016-12-01 14:05:12', '2016-12-01 14:15:02'),
(579, 16, 9, 20, 16, 5, 0.05, ' + 1 + 1 + 1 + 1 + 1 + 1 + 1 + 1 + 1 + 1 + 2 + 1 + 3 + 1 + 1 + 1 + 1 + 1', '2016-12-01 14:05:12', '2016-12-01 14:15:02'),
(580, 17, 9, 28, 27, 5, 0.05, ' + 1 + 1 + 1 + 1 + 1 + 1 + 1 + 1 + 1 + 1 + 2 + 1 + 3 + 1 + 1 + 1 + 1 + 1', '2016-12-01 14:05:12', '2016-12-01 14:15:02'),
(581, 15, 7, 10, 17, 5, 0.05, ' + 1 + 1 + 1 + 1 + 1 + 1 + 1 + 1 + 1 + 1 + 2 + 1 + 3 + 1 + 1 + 1 + 1 + 1', '2016-12-01 14:05:12', '2016-12-01 14:15:02'),
(582, 47, 6, 18, 11, 5, 0.05, ' + 1 + 1 + 1 + 1 + 1 + 1 + 1 + 1 + 1 + 1 + 2 + 1 + 3 + 1 + 1 + 1 + 1 + 1', '2016-12-01 14:05:12', '2016-12-01 14:15:02'),
(583, 111, 4, 19, 10, 5, 0.05, ' + 1 + 1 + 1 + 1 + 1 + 1 + 1 + 1 + 1 + 1 + 2 + 1 + 3 + 1 + 1 + 1 + 1 + 1', '2016-12-01 14:05:12', '2016-12-01 14:15:02'),
(584, 85, 7, 16, 29, 5, 0.05, ' + 1 + 1 + 1 + 1 + 1 + 1 + 1 + 1 + 1 + 1 + 2 + 1 + 3 + 1 + 1 + 1 + 1 + 1', '2016-12-01 14:05:12', '2016-12-01 14:15:02'),
(585, 27, 7, 10, 21, 5, 0.05, ' + 1 + 1 + 1 + 1 + 1 + 1 + 1 + 1 + 1 + 1 + 2 + 1 + 3 + 1 + 1 + 1 + 1 + 1', '2016-12-01 14:05:12', '2016-12-01 14:15:02'),
(586, 34, 9, 24, 5, 5, 0.05, ' + 1 + 1 + 1 + 1 + 1 + 1 + 1 + 1 + 1 + 1 + 2 + 1 + 3 + 1 + 1 + 1 + 1 + 1', '2016-12-01 14:05:12', '2016-12-01 14:15:02'),
(587, 11, 7, 16, 26, 5, 0.05, ' + 1 + 1 + 1 + 1 + 1 + 1 + 1 + 1 + 1 + 1 + 2 + 1 + 3 + 1 + 1 + 1 + 1 + 1', '2016-12-01 14:05:12', '2016-12-01 14:15:02'),
(588, 109, 7, 12, 6, 5, 0.05, ' + 1 + 1 + 1 + 1 + 1 + 1 + 1 + 1 + 1 + 1 + 2 + 1 + 3 + 1 + 1 + 1 + 1 + 1', '2016-12-01 14:05:12', '2016-12-01 14:15:02'),
(589, 81, 7, 27, 14, 5, 0.05, ' + 1 + 1 + 1 + 1 + 1 + 1 + 1 + 1 + 1 + 1 + 2 + 1 + 3 + 1 + 1 + 1 + 1 + 1', '2016-12-01 14:05:12', '2016-12-01 14:15:02'),
(590, 11, 5, 30, 7, 5, 0.05, ' + 1 + 1 + 1 + 1 + 1 + 1 + 1 + 1 + 1 + 1 + 2 + 1 + 3 + 1 + 1 + 1 + 1 + 1', '2016-12-01 14:05:12', '2016-12-01 14:15:02'),
(591, 21, 8, 7, 21, 5, 0.05, ' + 1 + 1 + 1 + 1 + 1 + 1 + 1 + 1 + 1 + 1 + 2 + 1 + 3 + 1 + 1 + 1 + 1 + 1', '2016-12-01 14:05:12', '2016-12-01 14:15:02'),
(592, 24, 7, 24, 23, 5, 0.05, ' + 1 + 1 + 1 + 1 + 1 + 1 + 1 + 1 + 1 + 1 + 2 + 1 + 3 + 1 + 1 + 1 + 1 + 1', '2016-12-01 14:05:12', '2016-12-01 14:15:02'),
(593, 47, 7, 26, 7, 5, 0.05, ' + 1 + 1 + 1 + 1 + 1 + 1 + 1 + 1 + 1 + 1 + 2 + 1 + 3 + 1 + 1 + 1 + 1 + 1', '2016-12-01 14:05:12', '2016-12-01 14:15:02'),
(594, 19, 5, 22, 12, 5, 0.05, ' + 1 + 1 + 1 + 1 + 1 + 1 + 1 + 1 + 1 + 1 + 2 + 1 + 3 + 1 + 1 + 1 + 1 + 1', '2016-12-01 14:05:12', '2016-12-01 14:15:02'),
(595, 88, 6, 30, 16, 5, 0.05, ' + 1 + 1 + 1 + 1 + 1 + 1 + 1 + 1 + 1 + 1 + 2 + 1 + 3 + 1 + 1 + 1 + 1 + 1', '2016-12-01 14:05:12', '2016-12-01 14:15:02'),
(596, 62, 8, 22, 14, 5, 0.05, ' + 1 + 1 + 1 + 1 + 1 + 1 + 1 + 1 + 1 + 1 + 2 + 1 + 3 + 1 + 1 + 1 + 1 + 1', '2016-12-01 14:05:12', '2016-12-01 14:15:02'),
(597, 15, 7, 24, 22, 5, 0.05, ' + 1 + 1 + 1 + 1 + 1 + 1 + 1 + 1 + 1 + 1 + 2 + 1 + 3 + 1 + 1 + 1 + 1 + 1', '2016-12-01 14:05:12', '2016-12-01 14:15:02'),
(598, 23, 6, 20, 31, 5, 0.05, ' + 1 + 1 + 1 + 1 + 1 + 1 + 1 + 1 + 1 + 1 + 2 + 1 + 3 + 1 + 1 + 1 + 1 + 1', '2016-12-01 14:05:12', '2016-12-01 14:15:02'),
(599, 114, 6, 19, 10, 5, 0.05, ' + 1 + 1 + 1 + 1 + 1 + 1 + 1 + 1 + 1 + 1 + 2 + 1 + 3 + 1 + 1 + 1 + 1 + 1', '2016-12-01 14:05:12', '2016-12-01 14:15:02'),
(600, 57, 9, 16, 4, 5, 0.05, ' + 1 + 1 + 1 + 1 + 1 + 1 + 1 + 1 + 1 + 1 + 2 + 1 + 3 + 1 + 1 + 1 + 1 + 1', '2016-12-01 14:05:12', '2016-12-01 14:15:02'),
(601, 102, 8, 19, 4, 5, 0.05, ' + 1 + 1 + 1 + 1 + 1 + 1 + 1 + 1 + 1 + 1 + 2 + 1 + 3 + 1 + 1 + 1 + 1 + 1', '2016-12-01 14:05:12', '2016-12-01 14:15:02'),
(602, 74, 5, 24, 19, 5, 0.04, ' + 1 + 1 + 1 + 1 + 1 + 1 + 1 + 1 + 1 + 1 + 2 + 1 + 3 + 1 + 1 + 1 + 1 + 1+ 1 ', '2016-12-01 14:05:12', '2016-12-01 14:15:02'),
(603, 82, 6, 7, 23, 5, 0.05, ' + 1 + 1 + 1 + 1 + 1 + 1 + 1 + 1 + 1 + 1 + 2 + 1 + 3 + 1 + 1 + 1 + 1 + 1', '2016-12-01 14:05:12', '2016-12-01 14:15:02'),
(604, 104, 8, 19, 10, 5, 0.05, ' + 1 + 1 + 1 + 1 + 1 + 1 + 1 + 1 + 1 + 1 + 2 + 1 + 3 + 1 + 1 + 1 + 1 + 1', '2016-12-01 14:05:12', '2016-12-01 14:15:02'),
(605, 82, 5, 16, 17, 5, 0.05, ' + 1 + 1 + 1 + 1 + 1 + 1 + 1 + 1 + 1 + 1 + 2 + 1 + 3 + 1 + 1 + 1 + 1 + 1', '2016-12-01 14:05:12', '2016-12-01 14:15:02'),
(606, 127, 7, 16, 19, 5, 0.05, ' + 1 + 1 + 1 + 1 + 1 + 1 + 1 + 1 + 1 + 1 + 2 + 1 + 3 + 1 + 1 + 1 + 1 + 1', '2016-12-01 14:05:12', '2016-12-01 14:15:02'),
(607, 92, 6, 16, 6, 5, 0.05, ' + 1 + 1 + 1 + 1 + 1 + 1 + 1 + 1 + 1 + 1 + 2 + 1 + 3 + 1 + 1 + 1 + 1 + 1', '2016-12-01 14:05:12', '2016-12-01 14:15:02'),
(608, 104, 4, 11, 6, 5, 0.05, ' + 1 + 1 + 1 + 1 + 1 + 1 + 1 + 1 + 1 + 1 + 2 + 1 + 3 + 1 + 1 + 1 + 1 + 1', '2016-12-01 14:05:12', '2016-12-01 14:15:02'),
(609, 126, 7, 16, 8, 5, 0.05, ' + 1 + 1 + 1 + 1 + 1 + 1 + 1 + 1 + 1 + 1 + 2 + 1 + 3 + 1 + 1 + 1 + 1 + 1', '2016-12-01 14:05:12', '2016-12-01 14:15:02'),
(610, 125, 8, 15, 20, 5, 0.05, ' + 1 + 1 + 1 + 1 + 1 + 1 + 1 + 1 + 1 + 1 + 2 + 1 + 3 + 1 + 1 + 1 + 1 + 1', '2016-12-01 14:05:12', '2016-12-01 14:15:02'),
(611, 87, 4, 20, 22, 5, 0.05, ' + 1 + 1 + 1 + 1 + 1 + 1 + 1 + 1 + 1 + 1 + 2 + 1 + 3 + 1 + 1 + 1 + 1 + 1', '2016-12-01 14:05:12', '2016-12-01 14:15:02'),
(612, 80, 6, 22, 17, 5, 0.05, ' + 1 + 1 + 1 + 1 + 1 + 1 + 1 + 1 + 1 + 1 + 2 + 1 + 3 + 1 + 1 + 1 + 1 + 1', '2016-12-01 14:05:12', '2016-12-01 14:15:02'),
(613, 69, 5, 27, 9, 5, 0.05, ' + 1 + 1 + 1 + 1 + 1 + 1 + 1 + 1 + 1 + 1 + 2 + 1 + 3 + 1 + 1 + 1 + 1 + 1', '2016-12-01 14:05:12', '2016-12-01 14:15:02'),
(614, 107, 8, 13, 4, 5, 0.05, ' + 1 + 1 + 1 + 1 + 1 + 1 + 1 + 1 + 1 + 1 + 2 + 1 + 3 + 1 + 1 + 1 + 1 + 1', '2016-12-01 14:05:12', '2016-12-01 14:15:02'),
(615, 34, 8, 7, 10, 5, 0.05, ' + 1 + 1 + 1 + 1 + 1 + 1 + 1 + 1 + 1 + 1 + 2 + 1 + 3 + 1 + 1 + 1 + 1 + 1', '2016-12-01 14:05:13', '2016-12-01 14:15:02'),
(616, 53, 4, 10, 16, 6, 0.08, ' + 1 + 1 + 1 + 1 + 1 + 1 + 1 + 1 + 1 + 1 + 1 + 1', '2016-12-01 14:05:13', '2016-12-01 14:15:02'),
(617, 47, 5, 18, 19, 6, 0.08, ' + 1 + 1 + 1 + 1 + 1 + 1 + 1 + 1 + 1 + 1 + 1 + 1', '2016-12-01 14:05:13', '2016-12-01 14:15:02'),
(618, 123, 7, 28, 14, 6, 0.08, ' + 1 + 1 + 1 + 1 + 1 + 1 + 1 + 1 + 1 + 1 + 1 + 1', '2016-12-01 14:05:13', '2016-12-01 14:15:02'),
(619, 70, 7, 18, 29, 6, 0.08, ' + 1 + 1 + 1 + 1 + 1 + 1 + 1 + 1 + 1 + 1 + 1 + 1', '2016-12-01 14:05:13', '2016-12-01 14:15:02'),
(620, 62, 7, 22, 13, 6, 0.08, ' + 1 + 1 + 1 + 1 + 1 + 1 + 1 + 1 + 1 + 1 + 1 + 1', '2016-12-01 14:05:13', '2016-12-01 14:15:02'),
(621, 90, 9, 30, 4, 6, 0.08, ' + 1 + 1 + 1 + 1 + 1 + 1 + 1 + 1 + 1 + 1 + 1 + 1', '2016-12-01 14:05:13', '2016-12-01 14:15:02'),
(622, 31, 5, 7, 7, 6, 0.08, ' + 1 + 1 + 1 + 1 + 1 + 1 + 1 + 1 + 1 + 1 + 1 + 1', '2016-12-01 14:05:13', '2016-12-01 14:15:02'),
(623, 17, 5, 10, 11, 6, 0.08, ' + 1 + 1 + 1 + 1 + 1 + 1 + 1 + 1 + 1 + 1 + 1 + 1', '2016-12-01 14:05:13', '2016-12-01 14:15:02'),
(624, 69, 8, 22, 8, 6, 0.08, ' + 1 + 1 + 1 + 1 + 1 + 1 + 1 + 1 + 1 + 1 + 1 + 1', '2016-12-01 14:05:13', '2016-12-01 14:15:02'),
(625, 40, 4, 8, 10, 6, 0.08, ' + 1 + 1 + 1 + 1 + 1 + 1 + 1 + 1 + 1 + 1 + 1 + 1', '2016-12-01 14:05:13', '2016-12-01 14:15:02'),
(626, 75, 8, 30, 26, 6, 0.08, ' + 1 + 1 + 1 + 1 + 1 + 1 + 1 + 1 + 1 + 1 + 1 + 1', '2016-12-01 14:05:13', '2016-12-01 14:15:02'),
(627, 42, 9, 19, 5, 6, 0.08, ' + 1 + 1 + 1 + 1 + 1 + 1 + 1 + 1 + 1 + 1 + 1 + 1', '2016-12-01 14:05:13', '2016-12-01 14:15:03'),
(628, 43, 4, 20, 10, 6, 0.08, ' + 1 + 1 + 1 + 1 + 1 + 1 + 1 + 1 + 1 + 1 + 1 + 1', '2016-12-01 14:05:13', '2016-12-01 14:15:03'),
(629, 34, 7, 28, 5, 6, 0.08, ' + 1 + 1 + 1 + 1 + 1 + 1 + 1 + 1 + 1 + 1 + 1 + 1', '2016-12-01 14:05:13', '2016-12-01 14:15:03'),
(630, 53, 4, 30, 7, 6, 0.08, ' + 1 + 1 + 1 + 1 + 1 + 1 + 1 + 1 + 1 + 1 + 1 + 1', '2016-12-01 14:05:13', '2016-12-01 14:15:03'),
(631, 88, 9, 28, 27, 6, 0.08, ' + 1 + 1 + 1 + 1 + 1 + 1 + 1 + 1 + 1 + 1 + 1 + 1', '2016-12-01 14:05:13', '2016-12-01 14:15:03'),
(632, 32, 9, 28, 31, 6, 0.08, ' + 1 + 1 + 1 + 1 + 1 + 1 + 1 + 1 + 1 + 1 + 1 + 1', '2016-12-01 14:05:13', '2016-12-01 14:15:03'),
(633, 60, 4, 10, 27, 6, 0.08, ' + 1 + 1 + 1 + 1 + 1 + 1 + 1 + 1 + 1 + 1 + 1 + 1', '2016-12-01 14:05:13', '2016-12-01 14:15:03'),
(634, 100, 8, 9, 6, 6, 0.08, ' + 1 + 1 + 1 + 1 + 1 + 1 + 1 + 1 + 1 + 1 + 1 + 1', '2016-12-01 14:05:13', '2016-12-01 14:15:03'),
(635, 105, 8, 8, 6, 6, 0.08, ' + 1 + 1 + 1 + 1 + 1 + 1 + 1 + 1 + 1 + 1 + 1 + 1', '2016-12-01 14:05:13', '2016-12-01 14:15:03'),
(636, 47, 7, 26, 23, 6, 0.08, ' + 1 + 1 + 1 + 1 + 1 + 1 + 1 + 1 + 1 + 1 + 1 + 1', '2016-12-01 14:05:13', '2016-12-01 14:15:03'),
(637, 73, 8, 28, 8, 6, 0.08, ' + 1 + 1 + 1 + 1 + 1 + 1 + 1 + 1 + 1 + 1 + 1 + 1', '2016-12-01 14:05:13', '2016-12-01 14:15:03'),
(638, 61, 8, 16, 24, 6, 0.08, ' + 1 + 1 + 1 + 1 + 1 + 1 + 1 + 1 + 1 + 1 + 1 + 1', '2016-12-01 14:05:13', '2016-12-01 14:15:03'),
(639, 47, 4, 26, 21, 6, 0.08, ' + 1 + 1 + 1 + 1 + 1 + 1 + 1 + 1 + 1 + 1 + 1 + 1', '2016-12-01 14:05:13', '2016-12-01 14:15:03'),
(640, 131, 6, 9, 5, 6, 0.08, ' + 1 + 1 + 1 + 1 + 1 + 1 + 1 + 1 + 1 + 1 + 1 + 1', '2016-12-01 14:05:13', '2016-12-01 14:15:03'),
(641, 82, 4, 30, 31, 6, 0.08, ' + 1 + 1 + 1 + 1 + 1 + 1 + 1 + 1 + 1 + 1 + 1 + 1', '2016-12-01 14:05:13', '2016-12-01 14:15:03'),
(642, 9, 6, 20, 5, 6, 0.08, ' + 1 + 1 + 1 + 1 + 1 + 1 + 1 + 1 + 1 + 1 + 1 + 1', '2016-12-01 14:05:13', '2016-12-01 14:15:03'),
(643, 67, 4, 27, 7, 6, 0.08, ' + 1 + 1 + 1 + 1 + 1 + 1 + 1 + 1 + 1 + 1 + 1 + 1', '2016-12-01 14:05:13', '2016-12-01 14:15:03'),
(644, 90, 7, 28, 5, 6, 0.08, ' + 1 + 1 + 1 + 1 + 1 + 1 + 1 + 1 + 1 + 1 + 1 + 1', '2016-12-01 14:05:13', '2016-12-01 14:15:03'),
(645, 9, 6, 16, 10, 6, 0.08, ' + 1 + 1 + 1 + 1 + 1 + 1 + 1 + 1 + 1 + 1 + 1 + 1', '2016-12-01 14:05:13', '2016-12-01 14:15:03'),
(646, 112, 5, 11, 4, 6, 0.08, ' + 1 + 1 + 1 + 1 + 1 + 1 + 1 + 1 + 1 + 1 + 1 + 1', '2016-12-01 14:05:13', '2016-12-01 14:15:03'),
(647, 68, 5, 15, 30, 6, 0.08, ' + 1 + 1 + 1 + 1 + 1 + 1 + 1 + 1 + 1 + 1 + 1 + 1', '2016-12-01 14:05:13', '2016-12-01 14:15:03'),
(648, 118, 8, 7, 11, 6, 0.08, ' + 1 + 1 + 1 + 1 + 1 + 1 + 1 + 1 + 1 + 1 + 1 + 1', '2016-12-01 14:05:13', '2016-12-01 14:15:03'),
(649, 132, 5, 14, 10, 6, 0.08, ' + 1 + 1 + 1 + 1 + 1 + 1 + 1 + 1 + 1 + 1 + 1 + 1', '2016-12-01 14:05:13', '2016-12-01 14:15:03'),
(650, 10, 4, 22, 7, 6, 0.08, ' + 1 + 1 + 1 + 1 + 1 + 1 + 1 + 1 + 1 + 1 + 1 + 1', '2016-12-01 14:05:13', '2016-12-01 14:15:03'),
(651, 65, 7, 27, 21, 6, 0.08, ' + 1 + 1 + 1 + 1 + 1 + 1 + 1 + 1 + 1 + 1 + 1 + 1', '2016-12-01 14:05:13', '2016-12-01 14:15:03'),
(652, 91, 8, 24, 5, 6, 0.08, ' + 1 + 1 + 1 + 1 + 1 + 1 + 1 + 1 + 1 + 1 + 1 + 1', '2016-12-01 14:05:13', '2016-12-01 14:15:03'),
(653, 100, 8, 25, 4, 6, 0.08, ' + 1 + 1 + 1 + 1 + 1 + 1 + 1 + 1 + 1 + 1 + 1 + 1', '2016-12-01 14:05:13', '2016-12-01 14:15:03'),
(654, 50, 7, 10, 9, 6, 0.08, ' + 1 + 1 + 1 + 1 + 1 + 1 + 1 + 1 + 1 + 1 + 1 + 1', '2016-12-01 14:05:13', '2016-12-01 14:15:03'),
(655, 38, 6, 6, 6, 6, 0.08, ' + 1 + 1 + 1 + 1 + 1 + 1 + 1 + 1 + 1 + 1 + 1 + 1', '2016-12-01 14:05:13', '2016-12-01 14:15:03'),
(656, 39, 8, 12, 10, 6, 0.08, ' + 1 + 1 + 1 + 1 + 1 + 1 + 1 + 1 + 1 + 1 + 1 + 1', '2016-12-01 14:05:13', '2016-12-01 14:15:03'),
(657, 119, 7, 26, 28, 6, 0.08, ' + 1 + 1 + 1 + 1 + 1 + 1 + 1 + 1 + 1 + 1 + 1 + 1', '2016-12-01 14:05:13', '2016-12-01 14:15:03'),
(658, 41, 9, 6, 4, 6, 0.08, ' + 1 + 1 + 1 + 1 + 1 + 1 + 1 + 1 + 1 + 1 + 1 + 1', '2016-12-01 14:05:13', '2016-12-01 14:15:03'),
(659, 71, 8, 26, 21, 6, 0.08, ' + 1 + 1 + 1 + 1 + 1 + 1 + 1 + 1 + 1 + 1 + 1 + 1', '2016-12-01 14:05:13', '2016-12-01 14:15:03'),
(660, 121, 8, 20, 23, 6, 0.08, ' + 1 + 1 + 1 + 1 + 1 + 1 + 1 + 1 + 1 + 1 + 1 + 1', '2016-12-01 14:05:13', '2016-12-01 14:15:04'),
(661, 113, 6, 13, 6, 6, 0.08, ' + 1 + 1 + 1 + 1 + 1 + 1 + 1 + 1 + 1 + 1 + 1 + 1', '2016-12-01 14:05:13', '2016-12-01 14:15:04'),
(662, 92, 9, 20, 5, 6, 0.08, ' + 1 + 1 + 1 + 1 + 1 + 1 + 1 + 1 + 1 + 1 + 1 + 1', '2016-12-01 14:05:13', '2016-12-01 14:15:04'),
(663, 130, 6, 11, 10, 6, 0.08, ' + 1 + 1 + 1 + 1 + 1 + 1 + 1 + 1 + 1 + 1 + 1 + 1', '2016-12-01 14:05:13', '2016-12-01 14:15:04'),
(664, 58, 8, 22, 12, 6, 0.08, ' + 1 + 1 + 1 + 1 + 1 + 1 + 1 + 1 + 1 + 1 + 1 + 1', '2016-12-01 14:05:13', '2016-12-01 14:15:04'),
(665, 112, 6, 12, 5, 6, 0.08, ' + 1 + 1 + 1 + 1 + 1 + 1 + 1 + 1 + 1 + 1 + 1 + 1', '2016-12-01 14:05:13', '2016-12-01 14:15:04'),
(666, 55, 7, 30, 6, 6, 0.08, ' + 1 + 1 + 1 + 1 + 1 + 1 + 1 + 1 + 1 + 1 + 1 + 1', '2016-12-01 14:05:13', '2016-12-01 14:15:04'),
(667, 80, 9, 22, 15, 6, 0.08, ' + 1 + 1 + 1 + 1 + 1 + 1 + 1 + 1 + 1 + 1 + 1 + 1', '2016-12-01 14:05:13', '2016-12-01 14:15:04'),
(668, 53, 8, 20, 20, 6, 0.08, ' + 1 + 1 + 1 + 1 + 1 + 1 + 1 + 1 + 1 + 1 + 1 + 1', '2016-12-01 14:05:13', '2016-12-01 14:15:04'),
(669, 55, 8, 24, 4, 6, 0.08, ' + 1 + 1 + 1 + 1 + 1 + 1 + 1 + 1 + 1 + 1 + 1 + 1', '2016-12-01 14:05:13', '2016-12-01 14:15:04'),
(670, 82, 6, 24, 25, 6, 0.08, ' + 1 + 1 + 1 + 1 + 1 + 1 + 1 + 1 + 1 + 1 + 1 + 1', '2016-12-01 14:05:13', '2016-12-01 14:15:05'),
(671, 66, 9, 28, 26, 6, 0.08, ' + 1 + 1 + 1 + 1 + 1 + 1 + 1 + 1 + 1 + 1 + 1 + 1', '2016-12-01 14:05:14', '2016-12-01 14:15:05'),
(672, 66, 9, 16, 12, 6, 0.08, ' + 1 + 1 + 1 + 1 + 1 + 1 + 1 + 1 + 1 + 1 + 1 + 1', '2016-12-01 14:05:14', '2016-12-01 14:15:05'),
(673, 43, 9, 16, 4, 6, 0.08, ' + 1 + 1 + 1 + 1 + 1 + 1 + 1 + 1 + 1 + 1 + 1 + 1', '2016-12-01 14:05:14', '2016-12-01 14:15:05'),
(674, 60, 5, 20, 25, 6, 0.08, ' + 1 + 1 + 1 + 1 + 1 + 1 + 1 + 1 + 1 + 1 + 1 + 1', '2016-12-01 14:05:14', '2016-12-01 14:15:05'),
(675, 27, 6, 16, 25, 6, 0.08, ' + 1 + 1 + 1 + 1 + 1 + 1 + 1 + 1 + 1 + 1 + 1 + 1', '2016-12-01 14:05:14', '2016-12-01 14:15:05'),
(676, 34, 9, 20, 6, 6, 0.08, ' + 1 + 1 + 1 + 1 + 1 + 1 + 1 + 1 + 1 + 1 + 1 + 1', '2016-12-01 14:05:14', '2016-12-01 14:15:05'),
(677, 116, 9, 28, 19, 6, 0.08, ' + 1 + 1 + 1 + 1 + 1 + 1 + 1 + 1 + 1 + 1 + 1 + 1', '2016-12-01 14:05:14', '2016-12-01 14:15:05'),
(678, 11, 4, 7, 29, 6, 0.08, ' + 1 + 1 + 1 + 1 + 1 + 1 + 1 + 1 + 1 + 1 + 1 + 1', '2016-12-01 14:05:14', '2016-12-01 14:15:05'),
(679, 60, 5, 7, 29, 6, 0.08, ' + 1 + 1 + 1 + 1 + 1 + 1 + 1 + 1 + 1 + 1 + 1 + 1', '2016-12-01 14:05:14', '2016-12-01 14:15:05'),
(680, 24, 4, 24, 19, 6, 0.08, ' + 1 + 1 + 1 + 1 + 1 + 1 + 1 + 1 + 1 + 1 + 1 + 1', '2016-12-01 14:05:14', '2016-12-01 14:15:05'),
(681, 50, 5, 16, 26, 6, 0.08, ' + 1 + 1 + 1 + 1 + 1 + 1 + 1 + 1 + 1 + 1 + 1 + 1', '2016-12-01 14:05:14', '2016-12-01 14:15:05'),
(682, 9, 7, 10, 4, 6, 0.08, ' + 1 + 1 + 1 + 1 + 1 + 1 + 1 + 1 + 1 + 1 + 1 + 1', '2016-12-01 14:05:14', '2016-12-01 14:15:05'),
(683, 20, 5, 18, 9, 6, 0.08, ' + 1 + 1 + 1 + 1 + 1 + 1 + 1 + 1 + 1 + 1 + 1 + 1', '2016-12-01 14:05:14', '2016-12-01 14:15:05'),
(684, 8, 8, 20, 10, 6, 0.08, ' + 1 + 1 + 1 + 1 + 1 + 1 + 1 + 1 + 1 + 1 + 1 + 1', '2016-12-01 14:05:14', '2016-12-01 14:15:05'),
(685, 62, 7, 22, 26, 6, 0.08, ' + 1 + 1 + 1 + 1 + 1 + 1 + 1 + 1 + 1 + 1 + 1 + 1', '2016-12-01 14:05:14', '2016-12-01 14:15:05'),
(686, 13, 8, 16, 7, 6, 0.08, ' + 1 + 1 + 1 + 1 + 1 + 1 + 1 + 1 + 1 + 1 + 1 + 1', '2016-12-01 14:05:14', '2016-12-01 14:15:05'),
(687, 29, 4, 30, 22, 6, 0.08, ' + 1 + 1 + 1 + 1 + 1 + 1 + 1 + 1 + 1 + 1 + 1 + 1', '2016-12-01 14:05:14', '2016-12-01 14:15:05'),
(688, 21, 4, 10, 20, 6, 0.08, ' + 1 + 1 + 1 + 1 + 1 + 1 + 1 + 1 + 1 + 1 + 1 + 1', '2016-12-01 14:05:14', '2016-12-01 14:15:05'),
(689, 95, 7, 8, 6, 6, 0.08, ' + 1 + 1 + 1 + 1 + 1 + 1 + 1 + 1 + 1 + 1 + 1 + 1', '2016-12-01 14:05:14', '2016-12-01 14:15:05'),
(690, 122, 5, 28, 24, 6, 0.08, ' + 1 + 1 + 1 + 1 + 1 + 1 + 1 + 1 + 1 + 1 + 1 + 1', '2016-12-01 14:05:14', '2016-12-01 14:15:05'),
(691, 88, 8, 24, 22, 6, 0.08, ' + 1 + 1 + 1 + 1 + 1 + 1 + 1 + 1 + 1 + 1 + 1 + 1', '2016-12-01 14:05:14', '2016-12-01 14:15:05'),
(692, 48, 8, 28, 13, 6, 0.08, ' + 1 + 1 + 1 + 1 + 1 + 1 + 1 + 1 + 1 + 1 + 1 + 1', '2016-12-01 14:05:14', '2016-12-01 14:15:05'),
(693, 124, 5, 22, 8, 6, 0.08, ' + 1 + 1 + 1 + 1 + 1 + 1 + 1 + 1 + 1 + 1 + 1 + 1', '2016-12-01 14:05:14', '2016-12-01 14:15:05'),
(694, 12, 9, 20, 10, 6, 0.08, ' + 1 + 1 + 1 + 1 + 1 + 1 + 1 + 1 + 1 + 1 + 1 + 1', '2016-12-01 14:05:14', '2016-12-01 14:15:05'),
(695, 88, 4, 24, 12, 6, 0.08, ' + 1 + 1 + 1 + 1 + 1 + 1 + 1 + 1 + 1 + 1 + 1 + 1', '2016-12-01 14:05:14', '2016-12-01 14:15:05'),
(696, 59, 7, 27, 12, 6, 0.08, ' + 1 + 1 + 1 + 1 + 1 + 1 + 1 + 1 + 1 + 1 + 1 + 1', '2016-12-01 14:05:14', '2016-12-01 14:15:05'),
(697, 76, 9, 7, 7, 6, 0.08, ' + 1 + 1 + 1 + 1 + 1 + 1 + 1 + 1 + 1 + 1 + 1 + 1', '2016-12-01 14:05:14', '2016-12-01 14:15:05'),
(698, 121, 9, 16, 27, 6, 0.08, ' + 1 + 1 + 1 + 1 + 1 + 1 + 1 + 1 + 1 + 1 + 1 + 1', '2016-12-01 14:05:14', '2016-12-01 14:15:05'),
(699, 62, 9, 27, 16, 6, 0.08, ' + 1 + 1 + 1 + 1 + 1 + 1 + 1 + 1 + 1 + 1 + 1 + 1', '2016-12-01 14:05:14', '2016-12-01 14:15:05'),
(700, 118, 5, 10, 8, 6, 0.08, ' + 1 + 1 + 1 + 1 + 1 + 1 + 1 + 1 + 1 + 1 + 1 + 1', '2016-12-01 14:05:14', '2016-12-01 14:15:05'),
(701, 95, 7, 12, 10, 6, 0.08, ' + 1 + 1 + 1 + 1 + 1 + 1 + 1 + 1 + 1 + 1 + 1 + 1', '2016-12-01 14:05:14', '2016-12-01 14:15:05'),
(702, 83, 5, 30, 20, 6, 0.08, ' + 1 + 1 + 1 + 1 + 1 + 1 + 1 + 1 + 1 + 1 + 1 + 1', '2016-12-01 14:05:14', '2016-12-01 14:15:05'),
(703, 104, 8, 21, 10, 6, 0.08, ' + 1 + 1 + 1 + 1 + 1 + 1 + 1 + 1 + 1 + 1 + 1 + 1', '2016-12-01 14:05:14', '2016-12-01 14:15:05'),
(704, 56, 5, 16, 4, 6, 0.08, ' + 1 + 1 + 1 + 1 + 1 + 1 + 1 + 1 + 1 + 1 + 1 + 1', '2016-12-01 14:05:14', '2016-12-01 14:15:05'),
(705, 52, 6, 22, 20, 6, 0.08, ' + 1 + 1 + 1 + 1 + 1 + 1 + 1 + 1 + 1 + 1 + 1 + 1', '2016-12-01 14:05:14', '2016-12-01 14:15:05'),
(706, 53, 5, 28, 8, 6, 0.08, ' + 1 + 1 + 1 + 1 + 1 + 1 + 1 + 1 + 1 + 1 + 1 + 1', '2016-12-01 14:05:14', '2016-12-01 14:15:05'),
(707, 77, 6, 16, 21, 6, 0.08, ' + 1 + 1 + 1 + 1 + 1 + 1 + 1 + 1 + 1 + 1 + 1 + 1', '2016-12-01 14:05:14', '2016-12-01 14:15:05'),
(708, 110, 8, 9, 5, 6, 0.08, ' + 1 + 1 + 1 + 1 + 1 + 1 + 1 + 1 + 1 + 1 + 1 + 1', '2016-12-01 14:05:14', '2016-12-01 14:15:05'),
(709, 38, 4, 11, 6, 6, 0.08, ' + 1 + 1 + 1 + 1 + 1 + 1 + 1 + 1 + 1 + 1 + 1 + 1', '2016-12-01 14:05:14', '2016-12-01 14:15:05'),
(710, 117, 8, 24, 29, 6, 0.08, ' + 1 + 1 + 1 + 1 + 1 + 1 + 1 + 1 + 1 + 1 + 1 + 1', '2016-12-01 14:05:14', '2016-12-01 14:15:05'),
(711, 40, 8, 11, 5, 6, 0.08, ' + 1 + 1 + 1 + 1 + 1 + 1 + 1 + 1 + 1 + 1 + 1 + 1', '2016-12-01 14:05:14', '2016-12-01 14:15:05'),
(712, 70, 8, 26, 24, 6, 0.08, ' + 1 + 1 + 1 + 1 + 1 + 1 + 1 + 1 + 1 + 1 + 1 + 1', '2016-12-01 14:05:14', '2016-12-01 14:15:05'),
(713, 62, 8, 15, 29, 6, 0.08, ' + 1 + 1 + 1 + 1 + 1 + 1 + 1 + 1 + 1 + 1 + 1 + 1', '2016-12-01 14:05:14', '2016-12-01 14:15:05'),
(714, 90, 9, 7, 10, 6, 0.08, ' + 1 + 1 + 1 + 1 + 1 + 1 + 1 + 1 + 1 + 1 + 1 + 1', '2016-12-01 14:05:14', '2016-12-01 14:15:05'),
(715, 17, 5, 10, 13, 6, 0.08, ' + 1 + 1 + 1 + 1 + 1 + 1 + 1 + 1 + 1 + 1 + 1 + 1', '2016-12-01 14:05:15', '2016-12-01 14:15:05'),
(716, 99, 5, 12, 6, 6, 0.07, ' + 1 + 1 + 1 + 1 + 1 + 1 + 1 + 1 + 1 + 1 + 1 + 1+ 1 ', '2016-12-01 14:05:15', '2016-12-01 14:15:05'),
(717, 100, 5, 23, 4, 6, 0.08, ' + 1 + 1 + 1 + 1 + 1 + 1 + 1 + 1 + 1 + 1 + 1 + 1', '2016-12-01 14:05:15', '2016-12-01 14:15:05'),
(718, 105, 4, 19, 4, 6, 0.08, ' + 1 + 1 + 1 + 1 + 1 + 1 + 1 + 1 + 1 + 1 + 1 + 1', '2016-12-01 14:05:15', '2016-12-01 14:15:05'),
(719, 37, 9, 16, 12, 6, 0.08, ' + 1 + 1 + 1 + 1 + 1 + 1 + 1 + 1 + 1 + 1 + 1 + 1', '2016-12-01 14:05:15', '2016-12-01 14:15:05'),
(720, 109, 9, 9, 5, 6, 0.08, ' + 1 + 1 + 1 + 1 + 1 + 1 + 1 + 1 + 1 + 1 + 1 + 1', '2016-12-01 14:05:15', '2016-12-01 14:15:05'),
(721, 106, 6, 21, 5, 6, 0.08, ' + 1 + 1 + 1 + 1 + 1 + 1 + 1 + 1 + 1 + 1 + 1 + 1', '2016-12-01 14:05:15', '2016-12-01 14:15:05'),
(722, 132, 8, 12, 4, 6, 0.08, ' + 1 + 1 + 1 + 1 + 1 + 1 + 1 + 1 + 1 + 1 + 1 + 1', '2016-12-01 14:05:15', '2016-12-01 14:15:05'),
(723, 34, 9, 7, 4, 6, 0.08, ' + 1 + 1 + 1 + 1 + 1 + 1 + 1 + 1 + 1 + 1 + 1 + 1', '2016-12-01 14:05:15', '2016-12-01 14:15:05'),
(724, 95, 6, 12, 6, 6, 0.08, ' + 1 + 1 + 1 + 1 + 1 + 1 + 1 + 1 + 1 + 1 + 1 + 1', '2016-12-01 14:05:15', '2016-12-01 14:15:05'),
(725, 48, 8, 24, 11, 6, 0.08, ' + 1 + 1 + 1 + 1 + 1 + 1 + 1 + 1 + 1 + 1 + 1 + 1', '2016-12-01 14:05:15', '2016-12-01 14:15:05'),
(726, 37, 7, 28, 23, 6, 0.08, ' + 1 + 1 + 1 + 1 + 1 + 1 + 1 + 1 + 1 + 1 + 1 + 1', '2016-12-01 14:05:15', '2016-12-01 14:15:05'),
(727, 21, 8, 10, 7, 6, 0.08, ' + 1 + 1 + 1 + 1 + 1 + 1 + 1 + 1 + 1 + 1 + 1 + 1', '2016-12-01 14:05:15', '2016-12-01 14:15:05'),
(728, 128, 6, 16, 9, 6, 0.08, ' + 1 + 1 + 1 + 1 + 1 + 1 + 1 + 1 + 1 + 1 + 1 + 1', '2016-12-01 14:05:15', '2016-12-01 14:15:05'),
(729, 128, 5, 10, 23, 6, 0.08, ' + 1 + 1 + 1 + 1 + 1 + 1 + 1 + 1 + 1 + 1 + 1 + 1', '2016-12-01 14:05:15', '2016-12-01 14:15:05'),
(730, 9, 9, 24, 4, 6, 0.08, ' + 1 + 1 + 1 + 1 + 1 + 1 + 1 + 1 + 1 + 1 + 1 + 1', '2016-12-01 14:05:15', '2016-12-01 14:15:05'),
(731, 32, 8, 30, 23, 6, 0.08, ' + 1 + 1 + 1 + 1 + 1 + 1 + 1 + 1 + 1 + 1 + 1 + 1', '2016-12-01 14:05:15', '2016-12-01 14:15:05'),
(732, 110, 4, 12, 6, 6, 0.08, ' + 1 + 1 + 1 + 1 + 1 + 1 + 1 + 1 + 1 + 1 + 1 + 1', '2016-12-01 14:05:15', '2016-12-01 14:15:05'),
(733, 50, 8, 10, 31, 6, 0.08, ' + 1 + 1 + 1 + 1 + 1 + 1 + 1 + 1 + 1 + 1 + 1 + 1', '2016-12-01 14:05:15', '2016-12-01 14:15:05'),
(734, 7, 6, 16, 10, 6, 0.08, ' + 1 + 1 + 1 + 1 + 1 + 1 + 1 + 1 + 1 + 1 + 1 + 1', '2016-12-01 14:05:15', '2016-12-01 14:15:06'),
(735, 56, 9, 20, 4, 6, 0.08, ' + 1 + 1 + 1 + 1 + 1 + 1 + 1 + 1 + 1 + 1 + 1 + 1', '2016-12-01 14:05:15', '2016-12-01 14:15:06'),
(736, 43, 6, 7, 10, 6, 0.08, ' + 1 + 1 + 1 + 1 + 1 + 1 + 1 + 1 + 1 + 1 + 1 + 1', '2016-12-01 14:05:15', '2016-12-01 14:15:06'),
(737, 108, 4, 21, 5, 6, 0.08, ' + 1 + 1 + 1 + 1 + 1 + 1 + 1 + 1 + 1 + 1 + 1 + 1', '2016-12-01 14:05:15', '2016-12-01 14:15:06'),
(738, 95, 5, 25, 6, 6, 0.08, ' + 1 + 1 + 1 + 1 + 1 + 1 + 1 + 1 + 1 + 1 + 1 + 1', '2016-12-01 14:05:15', '2016-12-01 14:15:06'),
(739, 77, 7, 24, 22, 7, 0.05, ' + 1 + 1 + 1 + 1 + 1 + 1 + 1 + 1 + 1 + 1 + 1 + 1 + 1 + 1 + 1 + 1 + 1 + 1 + 1 + 1', '2016-12-01 14:05:15', '2016-12-01 14:15:06'),
(740, 56, 6, 7, 5, 7, 0.05, ' + 1 + 1 + 1 + 1 + 1 + 1 + 1 + 1 + 1 + 1 + 1 + 1 + 1 + 1 + 1 + 1 + 1 + 1 + 1 + 1', '2016-12-01 14:05:15', '2016-12-01 14:15:06'),
(741, 10, 8, 27, 8, 7, 0.05, ' + 1 + 1 + 1 + 1 + 1 + 1 + 1 + 1 + 1 + 1 + 1 + 1 + 1 + 1 + 1 + 1 + 1 + 1 + 1 + 1', '2016-12-01 14:05:15', '2016-12-01 14:15:06'),
(742, 54, 5, 7, 17, 7, 0.05, ' + 1 + 1 + 1 + 1 + 1 + 1 + 1 + 1 + 1 + 1 + 1 + 1 + 1 + 1 + 1 + 1 + 1 + 1 + 1 + 1', '2016-12-01 14:05:15', '2016-12-01 14:15:06'),
(743, 23, 9, 24, 24, 7, 0.05, ' + 1 + 1 + 1 + 1 + 1 + 1 + 1 + 1 + 1 + 1 + 1 + 1 + 1 + 1 + 1 + 1 + 1 + 1 + 1 + 1', '2016-12-01 14:05:15', '2016-12-01 14:15:06'),
(744, 90, 5, 20, 10, 7, 0.05, ' + 1 + 1 + 1 + 1 + 1 + 1 + 1 + 1 + 1 + 1 + 1 + 1 + 1 + 1 + 1 + 1 + 1 + 1 + 1 + 1', '2016-12-01 14:05:15', '2016-12-01 14:15:06'),
(745, 34, 7, 28, 4, 7, 0.05, ' + 1 + 1 + 1 + 1 + 1 + 1 + 1 + 1 + 1 + 1 + 1 + 1 + 1 + 1 + 1 + 1 + 1 + 1 + 1 + 1', '2016-12-01 14:05:15', '2016-12-01 14:15:06'),
(746, 42, 9, 23, 5, 7, 0.05, ' + 1 + 1 + 1 + 1 + 1 + 1 + 1 + 1 + 1 + 1 + 1 + 1 + 1 + 1 + 1 + 1 + 1 + 1 + 1 + 1', '2016-12-01 14:05:15', '2016-12-01 14:15:06'),
(747, 68, 8, 15, 30, 7, 0.05, ' + 1 + 1 + 1 + 1 + 1 + 1 + 1 + 1 + 1 + 1 + 1 + 1 + 1 + 1 + 1 + 1 + 1 + 1 + 1 + 1', '2016-12-01 14:05:15', '2016-12-01 14:15:06'),
(748, 85, 5, 24, 27, 7, 0.05, ' + 1 + 1 + 1 + 1 + 1 + 1 + 1 + 1 + 1 + 1 + 1 + 1 + 1 + 1 + 1 + 1 + 1 + 1 + 1 + 1+ 1 ', '2016-12-01 14:05:15', '2016-12-01 14:15:06'),
(749, 54, 5, 7, 19, 7, 0.05, ' + 1 + 1 + 1 + 1 + 1 + 1 + 1 + 1 + 1 + 1 + 1 + 1 + 1 + 1 + 1 + 1 + 1 + 1 + 1 + 1', '2016-12-01 14:05:15', '2016-12-01 14:15:06'),
(750, 8, 5, 28, 5, 7, 0.05, ' + 1 + 1 + 1 + 1 + 1 + 1 + 1 + 1 + 1 + 1 + 1 + 1 + 1 + 1 + 1 + 1 + 1 + 1 + 1 + 1', '2016-12-01 14:05:15', '2016-12-01 14:15:06'),
(751, 100, 8, 23, 10, 7, 0.05, ' + 1 + 1 + 1 + 1 + 1 + 1 + 1 + 1 + 1 + 1 + 1 + 1 + 1 + 1 + 1 + 1 + 1 + 1 + 1 + 1', '2016-12-01 14:05:15', '2016-12-01 14:15:06'),
(752, 9, 6, 16, 5, 7, 0.05, ' + 1 + 1 + 1 + 1 + 1 + 1 + 1 + 1 + 1 + 1 + 1 + 1 + 1 + 1 + 1 + 1 + 1 + 1 + 1 + 1', '2016-12-01 14:05:15', '2016-12-01 14:15:06'),
(753, 18, 8, 30, 18, 7, 0.05, ' + 1 + 1 + 1 + 1 + 1 + 1 + 1 + 1 + 1 + 1 + 1 + 1 + 1 + 1 + 1 + 1 + 1 + 1 + 1 + 1', '2016-12-01 14:05:15', '2016-12-01 14:15:06'),
(754, 119, 4, 26, 15, 7, 0.05, ' + 1 + 1 + 1 + 1 + 1 + 1 + 1 + 1 + 1 + 1 + 1 + 1 + 1 + 1 + 1 + 1 + 1 + 1 + 1 + 1', '2016-12-01 14:05:15', '2016-12-01 14:15:06'),
(755, 80, 5, 27, 27, 7, 0.05, ' + 1 + 1 + 1 + 1 + 1 + 1 + 1 + 1 + 1 + 1 + 1 + 1 + 1 + 1 + 1 + 1 + 1 + 1 + 1 + 1', '2016-12-01 14:05:15', '2016-12-01 14:15:06'),
(756, 95, 4, 23, 10, 7, 0.05, ' + 1 + 1 + 1 + 1 + 1 + 1 + 1 + 1 + 1 + 1 + 1 + 1 + 1 + 1 + 1 + 1 + 1 + 1 + 1 + 1', '2016-12-01 14:05:15', '2016-12-01 14:15:06'),
(757, 61, 4, 30, 16, 7, 0.05, ' + 1 + 1 + 1 + 1 + 1 + 1 + 1 + 1 + 1 + 1 + 1 + 1 + 1 + 1 + 1 + 1 + 1 + 1 + 1 + 1', '2016-12-01 14:05:15', '2016-12-01 14:15:06'),
(758, 114, 4, 12, 5, 7, 0.05, ' + 1 + 1 + 1 + 1 + 1 + 1 + 1 + 1 + 1 + 1 + 1 + 1 + 1 + 1 + 1 + 1 + 1 + 1 + 1 + 1', '2016-12-01 14:05:15', '2016-12-01 14:15:06'),
(759, 79, 5, 15, 24, 7, 0.05, ' + 1 + 1 + 1 + 1 + 1 + 1 + 1 + 1 + 1 + 1 + 1 + 1 + 1 + 1 + 1 + 1 + 1 + 1 + 1 + 1', '2016-12-01 14:05:15', '2016-12-01 14:15:06'),
(760, 7, 9, 16, 5, 7, 0.05, ' + 1 + 1 + 1 + 1 + 1 + 1 + 1 + 1 + 1 + 1 + 1 + 1 + 1 + 1 + 1 + 1 + 1 + 1 + 1 + 1', '2016-12-01 14:05:15', '2016-12-01 14:15:06'),
(761, 29, 9, 16, 29, 7, 0.05, ' + 1 + 1 + 1 + 1 + 1 + 1 + 1 + 1 + 1 + 1 + 1 + 1 + 1 + 1 + 1 + 1 + 1 + 1 + 1 + 1', '2016-12-01 14:05:15', '2016-12-01 14:15:06'),
(762, 13, 6, 20, 23, 7, 0.05, ' + 1 + 1 + 1 + 1 + 1 + 1 + 1 + 1 + 1 + 1 + 1 + 1 + 1 + 1 + 1 + 1 + 1 + 1 + 1 + 1', '2016-12-01 14:05:15', '2016-12-01 14:15:06'),
(763, 66, 9, 16, 21, 7, 0.05, ' + 1 + 1 + 1 + 1 + 1 + 1 + 1 + 1 + 1 + 1 + 1 + 1 + 1 + 1 + 1 + 1 + 1 + 1 + 1 + 1', '2016-12-01 14:05:15', '2016-12-01 14:15:06'),
(764, 112, 6, 14, 5, 7, 0.05, ' + 1 + 1 + 1 + 1 + 1 + 1 + 1 + 1 + 1 + 1 + 1 + 1 + 1 + 1 + 1 + 1 + 1 + 1 + 1 + 1', '2016-12-01 14:05:15', '2016-12-01 14:15:06'),
(765, 14, 9, 22, 9, 7, 0.05, ' + 1 + 1 + 1 + 1 + 1 + 1 + 1 + 1 + 1 + 1 + 1 + 1 + 1 + 1 + 1 + 1 + 1 + 1 + 1 + 1', '2016-12-01 14:05:15', '2016-12-01 14:15:06'),
(766, 62, 9, 22, 30, 7, 0.05, ' + 1 + 1 + 1 + 1 + 1 + 1 + 1 + 1 + 1 + 1 + 1 + 1 + 1 + 1 + 1 + 1 + 1 + 1 + 1 + 1', '2016-12-01 14:05:15', '2016-12-01 14:15:06'),
(767, 102, 7, 12, 6, 7, 0.05, ' + 1 + 1 + 1 + 1 + 1 + 1 + 1 + 1 + 1 + 1 + 1 + 1 + 1 + 1 + 1 + 1 + 1 + 1 + 1 + 1', '2016-12-01 14:05:15', '2016-12-01 14:15:06'),
(768, 62, 6, 22, 17, 7, 0.05, ' + 1 + 1 + 1 + 1 + 1 + 1 + 1 + 1 + 1 + 1 + 1 + 1 + 1 + 1 + 1 + 1 + 1 + 1 + 1 + 1', '2016-12-01 14:05:15', '2016-12-01 14:15:06'),
(769, 130, 9, 8, 5, 7, 0.05, ' + 1 + 1 + 1 + 1 + 1 + 1 + 1 + 1 + 1 + 1 + 1 + 1 + 1 + 1 + 1 + 1 + 1 + 1 + 1 + 1', '2016-12-01 14:05:15', '2016-12-01 14:15:06'),
(770, 74, 8, 10, 16, 7, 0.05, ' + 1 + 1 + 1 + 1 + 1 + 1 + 1 + 1 + 1 + 1 + 1 + 1 + 1 + 1 + 1 + 1 + 1 + 1 + 1 + 1', '2016-12-01 14:05:15', '2016-12-01 14:15:06'),
(771, 13, 5, 28, 21, 7, 0.05, ' + 1 + 1 + 1 + 1 + 1 + 1 + 1 + 1 + 1 + 1 + 1 + 1 + 1 + 1 + 1 + 1 + 1 + 1 + 1 + 1', '2016-12-01 14:05:15', '2016-12-01 14:15:06'),
(772, 53, 9, 30, 15, 7, 0.05, ' + 1 + 1 + 1 + 1 + 1 + 1 + 1 + 1 + 1 + 1 + 1 + 1 + 1 + 1 + 1 + 1 + 1 + 1 + 1 + 1', '2016-12-01 14:05:15', '2016-12-01 14:15:06'),
(773, 116, 8, 7, 8, 7, 0.05, ' + 1 + 1 + 1 + 1 + 1 + 1 + 1 + 1 + 1 + 1 + 1 + 1 + 1 + 1 + 1 + 1 + 1 + 1 + 1 + 1', '2016-12-01 14:05:15', '2016-12-01 14:15:06'),
(774, 120, 4, 18, 30, 7, 0.05, ' + 1 + 1 + 1 + 1 + 1 + 1 + 1 + 1 + 1 + 1 + 1 + 1 + 1 + 1 + 1 + 1 + 1 + 1 + 1 + 1', '2016-12-01 14:05:15', '2016-12-01 14:15:06'),
(775, 58, 4, 15, 16, 7, 0.05, ' + 1 + 1 + 1 + 1 + 1 + 1 + 1 + 1 + 1 + 1 + 1 + 1 + 1 + 1 + 1 + 1 + 1 + 1 + 1 + 1', '2016-12-01 14:05:15', '2016-12-01 14:15:06'),
(776, 49, 5, 7, 4, 7, 0.05, ' + 1 + 1 + 1 + 1 + 1 + 1 + 1 + 1 + 1 + 1 + 1 + 1 + 1 + 1 + 1 + 1 + 1 + 1 + 1 + 1', '2016-12-01 14:05:15', '2016-12-01 14:15:06'),
(777, 112, 6, 12, 4, 7, 0.05, ' + 1 + 1 + 1 + 1 + 1 + 1 + 1 + 1 + 1 + 1 + 1 + 1 + 1 + 1 + 1 + 1 + 1 + 1 + 1 + 1', '2016-12-01 14:05:15', '2016-12-01 14:15:06');
INSERT INTO `schedules` (`id`, `teachs_id`, `days_id`, `times_id`, `rooms_id`, `type`, `value`, `value_process`, `created_at`, `updated_at`) VALUES
(778, 15, 6, 24, 19, 7, 0.05, ' + 1 + 1 + 1 + 1 + 1 + 1 + 1 + 1 + 1 + 1 + 1 + 1 + 1 + 1 + 1 + 1 + 1 + 1 + 1 + 1', '2016-12-01 14:05:15', '2016-12-01 14:15:06'),
(779, 116, 5, 10, 23, 7, 0.05, ' + 1 + 1 + 1 + 1 + 1 + 1 + 1 + 1 + 1 + 1 + 1 + 1 + 1 + 1 + 1 + 1 + 1 + 1 + 1 + 1', '2016-12-01 14:05:15', '2016-12-01 14:15:06'),
(780, 36, 5, 30, 5, 7, 0.05, ' + 1 + 1 + 1 + 1 + 1 + 1 + 1 + 1 + 1 + 1 + 1 + 1 + 1 + 1 + 1 + 1 + 1 + 1 + 1 + 1', '2016-12-01 14:05:15', '2016-12-01 14:15:06'),
(781, 39, 9, 14, 6, 7, 0.05, ' + 1 + 1 + 1 + 1 + 1 + 1 + 1 + 1 + 1 + 1 + 1 + 1 + 1 + 1 + 1 + 1 + 1 + 1 + 1 + 1', '2016-12-01 14:05:15', '2016-12-01 14:15:06'),
(782, 74, 6, 10, 15, 7, 0.05, ' + 1 + 1 + 1 + 1 + 1 + 1 + 1 + 1 + 1 + 1 + 1 + 1 + 1 + 1 + 1 + 1 + 1 + 1 + 1 + 1', '2016-12-01 14:05:15', '2016-12-01 14:15:06'),
(783, 75, 6, 28, 8, 7, 0.05, ' + 1 + 1 + 1 + 1 + 1 + 1 + 1 + 1 + 1 + 1 + 1 + 1 + 1 + 1 + 1 + 1 + 1 + 1 + 1 + 1', '2016-12-01 14:05:15', '2016-12-01 14:15:06'),
(784, 112, 8, 13, 5, 7, 0.05, ' + 1 + 1 + 1 + 1 + 1 + 1 + 1 + 1 + 1 + 1 + 1 + 1 + 1 + 1 + 1 + 1 + 1 + 1 + 1 + 1', '2016-12-01 14:05:15', '2016-12-01 14:15:06'),
(785, 102, 7, 21, 5, 7, 0.05, ' + 1 + 1 + 1 + 1 + 1 + 1 + 1 + 1 + 1 + 1 + 1 + 1 + 1 + 1 + 1 + 1 + 1 + 1 + 1 + 1', '2016-12-01 14:05:15', '2016-12-01 14:15:06'),
(786, 38, 6, 14, 5, 7, 0.05, ' + 1 + 1 + 1 + 1 + 1 + 1 + 1 + 1 + 1 + 1 + 1 + 1 + 1 + 1 + 1 + 1 + 1 + 1 + 1 + 1', '2016-12-01 14:05:15', '2016-12-01 14:15:06'),
(787, 84, 5, 24, 9, 7, 0.05, ' + 1 + 1 + 1 + 1 + 1 + 1 + 1 + 1 + 1 + 1 + 1 + 1 + 1 + 1 + 1 + 1 + 1 + 1 + 1 + 1+ 1 ', '2016-12-01 14:05:15', '2016-12-01 14:15:06'),
(788, 104, 4, 25, 10, 7, 0.05, ' + 1 + 1 + 1 + 1 + 1 + 1 + 1 + 1 + 1 + 1 + 1 + 1 + 1 + 1 + 1 + 1 + 1 + 1 + 1 + 1', '2016-12-01 14:05:15', '2016-12-01 14:15:06'),
(789, 10, 8, 27, 8, 7, 0.05, ' + 1 + 1 + 1 + 1 + 1 + 1 + 1 + 1 + 1 + 1 + 1 + 1 + 1 + 1 + 1 + 1 + 1 + 1 + 1 + 1', '2016-12-01 14:05:15', '2016-12-01 14:15:06'),
(790, 102, 7, 23, 10, 7, 0.05, ' + 1 + 1 + 1 + 1 + 1 + 1 + 1 + 1 + 1 + 1 + 1 + 1 + 1 + 1 + 1 + 1 + 1 + 1 + 1 + 1', '2016-12-01 14:05:15', '2016-12-01 14:15:06'),
(791, 127, 7, 10, 27, 7, 0.05, ' + 1 + 1 + 1 + 1 + 1 + 1 + 1 + 1 + 1 + 1 + 1 + 1 + 1 + 1 + 1 + 1 + 1 + 1 + 1 + 1', '2016-12-01 14:05:16', '2016-12-01 14:15:06'),
(792, 43, 4, 16, 10, 7, 0.05, ' + 1 + 1 + 1 + 1 + 1 + 1 + 1 + 1 + 1 + 1 + 1 + 1 + 1 + 1 + 1 + 1 + 1 + 1 + 1 + 1', '2016-12-01 14:05:16', '2016-12-01 14:15:06'),
(793, 34, 5, 30, 10, 7, 0.05, ' + 1 + 1 + 1 + 1 + 1 + 1 + 1 + 1 + 1 + 1 + 1 + 1 + 1 + 1 + 1 + 1 + 1 + 1 + 1 + 1', '2016-12-01 14:05:16', '2016-12-01 14:15:06'),
(794, 80, 9, 15, 26, 7, 0.05, ' + 1 + 1 + 1 + 1 + 1 + 1 + 1 + 1 + 1 + 1 + 1 + 1 + 1 + 1 + 1 + 1 + 1 + 1 + 1 + 1', '2016-12-01 14:05:16', '2016-12-01 14:15:06'),
(795, 128, 9, 16, 14, 7, 0.05, ' + 1 + 1 + 1 + 1 + 1 + 1 + 1 + 1 + 1 + 1 + 1 + 1 + 1 + 1 + 1 + 1 + 1 + 1 + 1 + 1', '2016-12-01 14:05:16', '2016-12-01 14:15:06'),
(796, 117, 7, 10, 16, 7, 0.05, ' + 1 + 1 + 1 + 1 + 1 + 1 + 1 + 1 + 1 + 1 + 1 + 1 + 1 + 1 + 1 + 1 + 1 + 1 + 1 + 1', '2016-12-01 14:05:16', '2016-12-01 14:15:06'),
(797, 61, 6, 28, 14, 7, 0.05, ' + 1 + 1 + 1 + 1 + 1 + 1 + 1 + 1 + 1 + 1 + 1 + 1 + 1 + 1 + 1 + 1 + 1 + 1 + 1 + 1', '2016-12-01 14:05:16', '2016-12-01 14:15:06'),
(798, 20, 8, 26, 15, 7, 0.05, ' + 1 + 1 + 1 + 1 + 1 + 1 + 1 + 1 + 1 + 1 + 1 + 1 + 1 + 1 + 1 + 1 + 1 + 1 + 1 + 1', '2016-12-01 14:05:16', '2016-12-01 14:15:06'),
(799, 48, 5, 10, 24, 7, 0.05, ' + 1 + 1 + 1 + 1 + 1 + 1 + 1 + 1 + 1 + 1 + 1 + 1 + 1 + 1 + 1 + 1 + 1 + 1 + 1 + 1', '2016-12-01 14:05:16', '2016-12-01 14:15:06'),
(800, 68, 5, 27, 8, 7, 0.05, ' + 1 + 1 + 1 + 1 + 1 + 1 + 1 + 1 + 1 + 1 + 1 + 1 + 1 + 1 + 1 + 1 + 1 + 1 + 1 + 1', '2016-12-01 14:05:16', '2016-12-01 14:15:06'),
(801, 95, 7, 12, 5, 7, 0.05, ' + 1 + 1 + 1 + 1 + 1 + 1 + 1 + 1 + 1 + 1 + 1 + 1 + 1 + 1 + 1 + 1 + 1 + 1 + 1 + 1', '2016-12-01 14:05:16', '2016-12-01 14:15:06'),
(802, 17, 8, 24, 19, 7, 0.05, ' + 1 + 1 + 1 + 1 + 1 + 1 + 1 + 1 + 1 + 1 + 1 + 1 + 1 + 1 + 1 + 1 + 1 + 1 + 1 + 1', '2016-12-01 14:05:16', '2016-12-01 14:15:06'),
(803, 126, 6, 7, 30, 7, 0.05, ' + 1 + 1 + 1 + 1 + 1 + 1 + 1 + 1 + 1 + 1 + 1 + 1 + 1 + 1 + 1 + 1 + 1 + 1 + 1 + 1', '2016-12-01 14:05:16', '2016-12-01 14:15:06'),
(804, 31, 8, 30, 20, 7, 0.05, ' + 1 + 1 + 1 + 1 + 1 + 1 + 1 + 1 + 1 + 1 + 1 + 1 + 1 + 1 + 1 + 1 + 1 + 1 + 1 + 1', '2016-12-01 14:05:16', '2016-12-01 14:15:06'),
(805, 34, 4, 30, 6, 7, 0.05, ' + 1 + 1 + 1 + 1 + 1 + 1 + 1 + 1 + 1 + 1 + 1 + 1 + 1 + 1 + 1 + 1 + 1 + 1 + 1 + 1', '2016-12-01 14:05:16', '2016-12-01 14:15:06'),
(806, 77, 8, 28, 9, 7, 0.05, ' + 1 + 1 + 1 + 1 + 1 + 1 + 1 + 1 + 1 + 1 + 1 + 1 + 1 + 1 + 1 + 1 + 1 + 1 + 1 + 1', '2016-12-01 14:05:16', '2016-12-01 14:15:06'),
(807, 120, 9, 26, 29, 7, 0.05, ' + 1 + 1 + 1 + 1 + 1 + 1 + 1 + 1 + 1 + 1 + 1 + 1 + 1 + 1 + 1 + 1 + 1 + 1 + 1 + 1', '2016-12-01 14:05:16', '2016-12-01 14:15:06'),
(808, 30, 7, 28, 18, 7, 0.05, ' + 1 + 1 + 1 + 1 + 1 + 1 + 1 + 1 + 1 + 1 + 1 + 1 + 1 + 1 + 1 + 1 + 1 + 1 + 1 + 1', '2016-12-01 14:05:16', '2016-12-01 14:15:06'),
(809, 38, 6, 17, 10, 7, 0.05, ' + 1 + 1 + 1 + 1 + 1 + 1 + 1 + 1 + 1 + 1 + 1 + 1 + 1 + 1 + 1 + 1 + 1 + 1 + 1 + 1', '2016-12-01 14:05:16', '2016-12-01 14:15:06'),
(810, 14, 7, 27, 12, 7, 0.05, ' + 1 + 1 + 1 + 1 + 1 + 1 + 1 + 1 + 1 + 1 + 1 + 1 + 1 + 1 + 1 + 1 + 1 + 1 + 1 + 1', '2016-12-01 14:05:16', '2016-12-01 14:15:06'),
(811, 113, 6, 25, 5, 7, 0.05, ' + 1 + 1 + 1 + 1 + 1 + 1 + 1 + 1 + 1 + 1 + 1 + 1 + 1 + 1 + 1 + 1 + 1 + 1 + 1 + 1', '2016-12-01 14:05:16', '2016-12-01 14:15:06'),
(812, 84, 7, 16, 14, 7, 0.05, ' + 1 + 1 + 1 + 1 + 1 + 1 + 1 + 1 + 1 + 1 + 1 + 1 + 1 + 1 + 1 + 1 + 1 + 1 + 1 + 1', '2016-12-01 14:05:16', '2016-12-01 14:15:06'),
(813, 107, 4, 21, 4, 7, 0.05, ' + 1 + 1 + 1 + 1 + 1 + 1 + 1 + 1 + 1 + 1 + 1 + 1 + 1 + 1 + 1 + 1 + 1 + 1 + 1 + 1', '2016-12-01 14:05:16', '2016-12-01 14:15:06'),
(814, 130, 6, 6, 5, 7, 0.05, ' + 1 + 1 + 1 + 1 + 1 + 1 + 1 + 1 + 1 + 1 + 1 + 1 + 1 + 1 + 1 + 1 + 1 + 1 + 1 + 1', '2016-12-01 14:05:16', '2016-12-01 14:15:06'),
(815, 103, 4, 8, 10, 7, 0.05, ' + 1 + 1 + 1 + 1 + 1 + 1 + 1 + 1 + 1 + 1 + 1 + 1 + 1 + 1 + 1 + 1 + 1 + 1 + 1 + 1', '2016-12-01 14:05:16', '2016-12-01 14:15:06'),
(816, 117, 6, 30, 15, 7, 0.05, ' + 1 + 1 + 1 + 1 + 1 + 1 + 1 + 1 + 1 + 1 + 1 + 1 + 1 + 1 + 1 + 1 + 1 + 1 + 1 + 1', '2016-12-01 14:05:16', '2016-12-01 14:15:06'),
(817, 126, 4, 24, 30, 7, 0.05, ' + 1 + 1 + 1 + 1 + 1 + 1 + 1 + 1 + 1 + 1 + 1 + 1 + 1 + 1 + 1 + 1 + 1 + 1 + 1 + 1', '2016-12-01 14:05:16', '2016-12-01 14:15:06'),
(818, 56, 8, 7, 6, 7, 0.05, ' + 1 + 1 + 1 + 1 + 1 + 1 + 1 + 1 + 1 + 1 + 1 + 1 + 1 + 1 + 1 + 1 + 1 + 1 + 1 + 1', '2016-12-01 14:05:16', '2016-12-01 14:15:06'),
(819, 107, 7, 11, 6, 7, 0.05, ' + 1 + 1 + 1 + 1 + 1 + 1 + 1 + 1 + 1 + 1 + 1 + 1 + 1 + 1 + 1 + 1 + 1 + 1 + 1 + 1', '2016-12-01 14:05:16', '2016-12-01 14:15:06'),
(820, 45, 7, 13, 6, 7, 0.05, ' + 1 + 1 + 1 + 1 + 1 + 1 + 1 + 1 + 1 + 1 + 1 + 1 + 1 + 1 + 1 + 1 + 1 + 1 + 1 + 1', '2016-12-01 14:05:16', '2016-12-01 14:15:06'),
(821, 19, 9, 22, 22, 7, 0.05, ' + 1 + 1 + 1 + 1 + 1 + 1 + 1 + 1 + 1 + 1 + 1 + 1 + 1 + 1 + 1 + 1 + 1 + 1 + 1 + 1', '2016-12-01 14:05:16', '2016-12-01 14:15:06'),
(822, 92, 8, 10, 10, 7, 0.05, ' + 1 + 1 + 1 + 1 + 1 + 1 + 1 + 1 + 1 + 1 + 1 + 1 + 1 + 1 + 1 + 1 + 1 + 1 + 1 + 1', '2016-12-01 14:05:16', '2016-12-01 14:15:06'),
(823, 75, 7, 16, 16, 7, 0.05, ' + 1 + 1 + 1 + 1 + 1 + 1 + 1 + 1 + 1 + 1 + 1 + 1 + 1 + 1 + 1 + 1 + 1 + 1 + 1 + 1', '2016-12-01 14:05:16', '2016-12-01 14:15:06'),
(824, 85, 7, 10, 15, 7, 0.05, ' + 1 + 1 + 1 + 1 + 1 + 1 + 1 + 1 + 1 + 1 + 1 + 1 + 1 + 1 + 1 + 1 + 1 + 1 + 1 + 1', '2016-12-01 14:05:16', '2016-12-01 14:15:06'),
(825, 17, 5, 16, 25, 7, 0.05, ' + 1 + 1 + 1 + 1 + 1 + 1 + 1 + 1 + 1 + 1 + 1 + 1 + 1 + 1 + 1 + 1 + 1 + 1 + 1 + 1', '2016-12-01 14:05:16', '2016-12-01 14:15:06'),
(826, 34, 6, 10, 5, 7, 0.05, ' + 1 + 1 + 1 + 1 + 1 + 1 + 1 + 1 + 1 + 1 + 1 + 1 + 1 + 1 + 1 + 1 + 1 + 1 + 1 + 1', '2016-12-01 14:05:16', '2016-12-01 14:15:06'),
(827, 7, 8, 10, 6, 7, 0.05, ' + 1 + 1 + 1 + 1 + 1 + 1 + 1 + 1 + 1 + 1 + 1 + 1 + 1 + 1 + 1 + 1 + 1 + 1 + 1 + 1', '2016-12-01 14:05:16', '2016-12-01 14:15:07'),
(828, 132, 9, 9, 5, 7, 0.05, ' + 1 + 1 + 1 + 1 + 1 + 1 + 1 + 1 + 1 + 1 + 1 + 1 + 1 + 1 + 1 + 1 + 1 + 1 + 1 + 1', '2016-12-01 14:05:16', '2016-12-01 14:15:07'),
(829, 104, 8, 17, 10, 7, 0.05, ' + 1 + 1 + 1 + 1 + 1 + 1 + 1 + 1 + 1 + 1 + 1 + 1 + 1 + 1 + 1 + 1 + 1 + 1 + 1 + 1', '2016-12-01 14:05:16', '2016-12-01 14:15:07'),
(830, 95, 8, 11, 4, 7, 0.05, ' + 1 + 1 + 1 + 1 + 1 + 1 + 1 + 1 + 1 + 1 + 1 + 1 + 1 + 1 + 1 + 1 + 1 + 1 + 1 + 1', '2016-12-01 14:05:16', '2016-12-01 14:15:07'),
(831, 25, 9, 7, 30, 7, 0.05, ' + 1 + 1 + 1 + 1 + 1 + 1 + 1 + 1 + 1 + 1 + 1 + 1 + 1 + 1 + 1 + 1 + 1 + 1 + 1 + 1', '2016-12-01 14:05:16', '2016-12-01 14:15:07'),
(832, 42, 7, 14, 10, 7, 0.05, ' + 1 + 1 + 1 + 1 + 1 + 1 + 1 + 1 + 1 + 1 + 1 + 1 + 1 + 1 + 1 + 1 + 1 + 1 + 1 + 1', '2016-12-01 14:05:16', '2016-12-01 14:15:07'),
(833, 54, 8, 30, 8, 7, 0.05, ' + 1 + 1 + 1 + 1 + 1 + 1 + 1 + 1 + 1 + 1 + 1 + 1 + 1 + 1 + 1 + 1 + 1 + 1 + 1 + 1', '2016-12-01 14:05:16', '2016-12-01 14:15:07'),
(834, 19, 9, 22, 7, 7, 0.05, ' + 1 + 1 + 1 + 1 + 1 + 1 + 1 + 1 + 1 + 1 + 1 + 1 + 1 + 1 + 1 + 1 + 1 + 1 + 1 + 1', '2016-12-01 14:05:16', '2016-12-01 14:15:07'),
(835, 62, 4, 15, 15, 7, 0.05, ' + 1 + 1 + 1 + 1 + 1 + 1 + 1 + 1 + 1 + 1 + 1 + 1 + 1 + 1 + 1 + 1 + 1 + 1 + 1 + 1', '2016-12-01 14:05:16', '2016-12-01 14:15:07'),
(836, 114, 6, 19, 6, 7, 0.05, ' + 1 + 1 + 1 + 1 + 1 + 1 + 1 + 1 + 1 + 1 + 1 + 1 + 1 + 1 + 1 + 1 + 1 + 1 + 1 + 1', '2016-12-01 14:05:16', '2016-12-01 14:15:07'),
(837, 79, 6, 22, 31, 7, 0.05, ' + 1 + 1 + 1 + 1 + 1 + 1 + 1 + 1 + 1 + 1 + 1 + 1 + 1 + 1 + 1 + 1 + 1 + 1 + 1 + 1', '2016-12-01 14:05:16', '2016-12-01 14:15:07'),
(838, 10, 9, 22, 24, 7, 0.05, ' + 1 + 1 + 1 + 1 + 1 + 1 + 1 + 1 + 1 + 1 + 1 + 1 + 1 + 1 + 1 + 1 + 1 + 1 + 1 + 1', '2016-12-01 14:05:16', '2016-12-01 14:15:07'),
(839, 114, 7, 14, 5, 7, 0.05, ' + 1 + 1 + 1 + 1 + 1 + 1 + 1 + 1 + 1 + 1 + 1 + 1 + 1 + 1 + 1 + 1 + 1 + 1 + 1 + 1', '2016-12-01 14:05:16', '2016-12-01 14:15:07'),
(840, 37, 6, 7, 25, 7, 0.05, ' + 1 + 1 + 1 + 1 + 1 + 1 + 1 + 1 + 1 + 1 + 1 + 1 + 1 + 1 + 1 + 1 + 1 + 1 + 1 + 1', '2016-12-01 14:05:16', '2016-12-01 14:15:07'),
(841, 52, 6, 27, 8, 7, 0.05, ' + 1 + 1 + 1 + 1 + 1 + 1 + 1 + 1 + 1 + 1 + 1 + 1 + 1 + 1 + 1 + 1 + 1 + 1 + 1 + 1', '2016-12-01 14:05:16', '2016-12-01 14:15:07'),
(842, 92, 9, 28, 4, 7, 0.05, ' + 1 + 1 + 1 + 1 + 1 + 1 + 1 + 1 + 1 + 1 + 1 + 1 + 1 + 1 + 1 + 1 + 1 + 1 + 1 + 1', '2016-12-01 14:05:16', '2016-12-01 14:15:07'),
(843, 75, 9, 10, 15, 7, 0.05, ' + 1 + 1 + 1 + 1 + 1 + 1 + 1 + 1 + 1 + 1 + 1 + 1 + 1 + 1 + 1 + 1 + 1 + 1 + 1 + 1', '2016-12-01 14:05:16', '2016-12-01 14:15:07'),
(844, 30, 8, 28, 23, 7, 0.05, ' + 1 + 1 + 1 + 1 + 1 + 1 + 1 + 1 + 1 + 1 + 1 + 1 + 1 + 1 + 1 + 1 + 1 + 1 + 1 + 1', '2016-12-01 14:05:16', '2016-12-01 14:15:08'),
(845, 39, 9, 14, 6, 7, 0.05, ' + 1 + 1 + 1 + 1 + 1 + 1 + 1 + 1 + 1 + 1 + 1 + 1 + 1 + 1 + 1 + 1 + 1 + 1 + 1 + 1', '2016-12-01 14:05:16', '2016-12-01 14:15:08'),
(846, 42, 9, 9, 4, 7, 0.05, ' + 1 + 1 + 1 + 1 + 1 + 1 + 1 + 1 + 1 + 1 + 1 + 1 + 1 + 1 + 1 + 1 + 1 + 1 + 1 + 1', '2016-12-01 14:05:16', '2016-12-01 14:15:08'),
(847, 95, 6, 19, 6, 7, 0.05, ' + 1 + 1 + 1 + 1 + 1 + 1 + 1 + 1 + 1 + 1 + 1 + 1 + 1 + 1 + 1 + 1 + 1 + 1 + 1 + 1', '2016-12-01 14:05:16', '2016-12-01 14:15:08'),
(848, 94, 8, 7, 6, 7, 0.05, ' + 1 + 1 + 1 + 1 + 1 + 1 + 1 + 1 + 1 + 1 + 1 + 1 + 1 + 1 + 1 + 1 + 1 + 1 + 1 + 1', '2016-12-01 14:05:16', '2016-12-01 14:15:08'),
(849, 18, 6, 30, 8, 7, 0.05, ' + 1 + 1 + 1 + 1 + 1 + 1 + 1 + 1 + 1 + 1 + 1 + 1 + 1 + 1 + 1 + 1 + 1 + 1 + 1 + 1', '2016-12-01 14:05:16', '2016-12-01 14:15:08'),
(850, 66, 8, 28, 12, 7, 0.05, ' + 1 + 1 + 1 + 1 + 1 + 1 + 1 + 1 + 1 + 1 + 1 + 1 + 1 + 1 + 1 + 1 + 1 + 1 + 1 + 1', '2016-12-01 14:05:16', '2016-12-01 14:15:08'),
(851, 92, 6, 30, 10, 7, 0.05, ' + 1 + 1 + 1 + 1 + 1 + 1 + 1 + 1 + 1 + 1 + 1 + 1 + 1 + 1 + 1 + 1 + 1 + 1 + 1 + 1', '2016-12-01 14:05:16', '2016-12-01 14:15:08'),
(852, 67, 6, 27, 16, 7, 0.05, ' + 1 + 1 + 1 + 1 + 1 + 1 + 1 + 1 + 1 + 1 + 1 + 1 + 1 + 1 + 1 + 1 + 1 + 1 + 1 + 1', '2016-12-01 14:05:16', '2016-12-01 14:15:08'),
(853, 98, 6, 12, 10, 7, 0.05, ' + 1 + 1 + 1 + 1 + 1 + 1 + 1 + 1 + 1 + 1 + 1 + 1 + 1 + 1 + 1 + 1 + 1 + 1 + 1 + 1', '2016-12-01 14:05:17', '2016-12-01 14:15:08'),
(854, 106, 4, 21, 4, 7, 0.05, ' + 1 + 1 + 1 + 1 + 1 + 1 + 1 + 1 + 1 + 1 + 1 + 1 + 1 + 1 + 1 + 1 + 1 + 1 + 1 + 1', '2016-12-01 14:05:17', '2016-12-01 14:15:08'),
(855, 66, 7, 28, 30, 7, 0.05, ' + 1 + 1 + 1 + 1 + 1 + 1 + 1 + 1 + 1 + 1 + 1 + 1 + 1 + 1 + 1 + 1 + 1 + 1 + 1 + 1', '2016-12-01 14:05:17', '2016-12-01 14:15:08'),
(856, 103, 9, 13, 10, 7, 0.05, ' + 1 + 1 + 1 + 1 + 1 + 1 + 1 + 1 + 1 + 1 + 1 + 1 + 1 + 1 + 1 + 1 + 1 + 1 + 1 + 1', '2016-12-01 14:05:17', '2016-12-01 14:15:08'),
(857, 60, 6, 24, 18, 7, 0.05, ' + 1 + 1 + 1 + 1 + 1 + 1 + 1 + 1 + 1 + 1 + 1 + 1 + 1 + 1 + 1 + 1 + 1 + 1 + 1 + 1', '2016-12-01 14:05:17', '2016-12-01 14:15:08'),
(858, 17, 5, 28, 12, 7, 0.05, ' + 1 + 1 + 1 + 1 + 1 + 1 + 1 + 1 + 1 + 1 + 1 + 1 + 1 + 1 + 1 + 1 + 1 + 1 + 1 + 1', '2016-12-01 14:05:17', '2016-12-01 14:15:08'),
(859, 93, 9, 24, 5, 7, 0.05, ' + 1 + 1 + 1 + 1 + 1 + 1 + 1 + 1 + 1 + 1 + 1 + 1 + 1 + 1 + 1 + 1 + 1 + 1 + 1 + 1', '2016-12-01 14:05:17', '2016-12-01 14:15:08'),
(860, 33, 6, 20, 15, 7, 0.05, ' + 1 + 1 + 1 + 1 + 1 + 1 + 1 + 1 + 1 + 1 + 1 + 1 + 1 + 1 + 1 + 1 + 1 + 1 + 1 + 1', '2016-12-01 14:05:17', '2016-12-01 14:15:08'),
(861, 43, 8, 24, 10, 7, 0.05, ' + 1 + 1 + 1 + 1 + 1 + 1 + 1 + 1 + 1 + 1 + 1 + 1 + 1 + 1 + 1 + 1 + 1 + 1 + 1 + 1', '2016-12-01 14:05:17', '2016-12-01 14:15:08'),
(862, 49, 4, 20, 6, 8, 0.06, ' + 1 + 1 + 1 + 1 + 1 + 1 + 1 + 1 + 1 + 1 + 1 + 1 + 1 + 1 + 1 + 1 + 1', '2016-12-01 14:05:17', '2016-12-01 14:15:08'),
(863, 66, 8, 10, 13, 8, 0.06, ' + 1 + 1 + 1 + 1 + 1 + 1 + 1 + 1 + 1 + 1 + 1 + 1 + 1 + 1 + 1 + 1 + 1', '2016-12-01 14:05:17', '2016-12-01 14:15:08'),
(864, 94, 8, 24, 5, 8, 0.06, ' + 1 + 1 + 1 + 1 + 1 + 1 + 1 + 1 + 1 + 1 + 1 + 1 + 1 + 1 + 1 + 1 + 1', '2016-12-01 14:05:17', '2016-12-01 14:15:08'),
(865, 121, 5, 24, 14, 8, 0.05, ' + 1 + 1 + 1 + 1 + 1 + 1 + 1 + 1 + 1 + 1 + 1 + 1 + 1 + 1 + 1 + 1 + 1+ 1 ', '2016-12-01 14:05:17', '2016-12-01 14:15:08'),
(866, 94, 9, 7, 5, 8, 0.06, ' + 1 + 1 + 1 + 1 + 1 + 1 + 1 + 1 + 1 + 1 + 1 + 1 + 1 + 1 + 1 + 1 + 1', '2016-12-01 14:05:17', '2016-12-01 14:15:08'),
(867, 77, 8, 28, 31, 8, 0.06, ' + 1 + 1 + 1 + 1 + 1 + 1 + 1 + 1 + 1 + 1 + 1 + 1 + 1 + 1 + 1 + 1 + 1', '2016-12-01 14:05:17', '2016-12-01 14:15:08'),
(868, 78, 6, 27, 11, 8, 0.06, ' + 1 + 1 + 1 + 1 + 1 + 1 + 1 + 1 + 1 + 1 + 1 + 1 + 1 + 1 + 1 + 1 + 1', '2016-12-01 14:05:17', '2016-12-01 14:15:08'),
(869, 101, 8, 11, 5, 8, 0.06, ' + 1 + 1 + 1 + 1 + 1 + 1 + 1 + 1 + 1 + 1 + 1 + 1 + 1 + 1 + 1 + 1 + 1', '2016-12-01 14:05:17', '2016-12-01 14:15:08'),
(870, 81, 4, 15, 15, 8, 0.06, ' + 1 + 1 + 1 + 1 + 1 + 1 + 1 + 1 + 1 + 1 + 1 + 1 + 1 + 1 + 1 + 1 + 1', '2016-12-01 14:05:17', '2016-12-01 14:15:08'),
(871, 74, 4, 16, 23, 8, 0.06, ' + 1 + 1 + 1 + 1 + 1 + 1 + 1 + 1 + 1 + 1 + 1 + 1 + 1 + 1 + 1 + 1 + 1', '2016-12-01 14:05:17', '2016-12-01 14:15:08'),
(872, 22, 5, 20, 17, 8, 0.06, ' + 1 + 1 + 1 + 1 + 1 + 1 + 1 + 1 + 1 + 1 + 1 + 1 + 1 + 1 + 1 + 1 + 1', '2016-12-01 14:05:17', '2016-12-01 14:15:08'),
(873, 126, 8, 16, 20, 8, 0.06, ' + 1 + 1 + 1 + 1 + 1 + 1 + 1 + 1 + 1 + 1 + 1 + 1 + 1 + 1 + 1 + 1 + 1', '2016-12-01 14:05:17', '2016-12-01 14:15:08'),
(874, 47, 7, 26, 26, 8, 0.06, ' + 1 + 1 + 1 + 1 + 1 + 1 + 1 + 1 + 1 + 1 + 1 + 1 + 1 + 1 + 1 + 1 + 1', '2016-12-01 14:05:17', '2016-12-01 14:15:08'),
(875, 10, 7, 15, 25, 8, 0.06, ' + 1 + 1 + 1 + 1 + 1 + 1 + 1 + 1 + 1 + 1 + 1 + 1 + 1 + 1 + 1 + 1 + 1', '2016-12-01 14:05:17', '2016-12-01 14:15:08'),
(876, 99, 4, 13, 6, 8, 0.06, ' + 1 + 1 + 1 + 1 + 1 + 1 + 1 + 1 + 1 + 1 + 1 + 1 + 1 + 1 + 1 + 1 + 1', '2016-12-01 14:05:17', '2016-12-01 14:15:08'),
(877, 18, 8, 24, 20, 8, 0.06, ' + 1 + 1 + 1 + 1 + 1 + 1 + 1 + 1 + 1 + 1 + 1 + 1 + 1 + 1 + 1 + 1 + 1', '2016-12-01 14:05:17', '2016-12-01 14:15:08'),
(878, 67, 6, 22, 20, 8, 0.06, ' + 1 + 1 + 1 + 1 + 1 + 1 + 1 + 1 + 1 + 1 + 1 + 1 + 1 + 1 + 1 + 1 + 1', '2016-12-01 14:05:17', '2016-12-01 14:15:08'),
(879, 72, 6, 28, 27, 8, 0.06, ' + 1 + 1 + 1 + 1 + 1 + 1 + 1 + 1 + 1 + 1 + 1 + 1 + 1 + 1 + 1 + 1 + 1', '2016-12-01 14:05:17', '2016-12-01 14:15:08'),
(880, 86, 4, 28, 25, 8, 0.06, ' + 1 + 1 + 1 + 1 + 1 + 1 + 1 + 1 + 1 + 1 + 1 + 1 + 1 + 1 + 1 + 1 + 1', '2016-12-01 14:05:17', '2016-12-01 14:15:08'),
(881, 9, 6, 20, 5, 8, 0.06, ' + 1 + 1 + 1 + 1 + 1 + 1 + 1 + 1 + 1 + 1 + 1 + 1 + 1 + 1 + 1 + 1 + 1', '2016-12-01 14:05:17', '2016-12-01 14:15:08'),
(882, 95, 4, 23, 4, 8, 0.06, ' + 1 + 1 + 1 + 1 + 1 + 1 + 1 + 1 + 1 + 1 + 1 + 1 + 1 + 1 + 1 + 1 + 1', '2016-12-01 14:05:17', '2016-12-01 14:15:08'),
(883, 19, 9, 15, 26, 8, 0.06, ' + 1 + 1 + 1 + 1 + 1 + 1 + 1 + 1 + 1 + 1 + 1 + 1 + 1 + 1 + 1 + 1 + 1', '2016-12-01 14:05:17', '2016-12-01 14:15:08'),
(884, 40, 4, 6, 6, 8, 0.06, ' + 1 + 1 + 1 + 1 + 1 + 1 + 1 + 1 + 1 + 1 + 1 + 1 + 1 + 1 + 1 + 1 + 1', '2016-12-01 14:05:17', '2016-12-01 14:15:08'),
(885, 112, 8, 25, 6, 8, 0.06, ' + 1 + 1 + 1 + 1 + 1 + 1 + 1 + 1 + 1 + 1 + 1 + 1 + 1 + 1 + 1 + 1 + 1', '2016-12-01 14:05:17', '2016-12-01 14:15:08'),
(886, 112, 7, 14, 5, 8, 0.06, ' + 1 + 1 + 1 + 1 + 1 + 1 + 1 + 1 + 1 + 1 + 1 + 1 + 1 + 1 + 1 + 1 + 1', '2016-12-01 14:05:17', '2016-12-01 14:15:08'),
(887, 125, 6, 27, 24, 8, 0.06, ' + 1 + 1 + 1 + 1 + 1 + 1 + 1 + 1 + 1 + 1 + 1 + 1 + 1 + 1 + 1 + 1 + 1', '2016-12-01 14:05:17', '2016-12-01 14:15:08'),
(888, 87, 5, 28, 14, 8, 0.06, ' + 1 + 1 + 1 + 1 + 1 + 1 + 1 + 1 + 1 + 1 + 1 + 1 + 1 + 1 + 1 + 1 + 1', '2016-12-01 14:05:17', '2016-12-01 14:15:09'),
(889, 73, 9, 20, 16, 8, 0.06, ' + 1 + 1 + 1 + 1 + 1 + 1 + 1 + 1 + 1 + 1 + 1 + 1 + 1 + 1 + 1 + 1 + 1', '2016-12-01 14:05:17', '2016-12-01 14:15:09'),
(890, 99, 5, 8, 6, 8, 0.06, ' + 1 + 1 + 1 + 1 + 1 + 1 + 1 + 1 + 1 + 1 + 1 + 1 + 1 + 1 + 1 + 1 + 1', '2016-12-01 14:05:17', '2016-12-01 14:15:09'),
(891, 102, 7, 25, 5, 8, 0.06, ' + 1 + 1 + 1 + 1 + 1 + 1 + 1 + 1 + 1 + 1 + 1 + 1 + 1 + 1 + 1 + 1 + 1', '2016-12-01 14:05:17', '2016-12-01 14:15:09'),
(892, 27, 8, 20, 19, 8, 0.06, ' + 1 + 1 + 1 + 1 + 1 + 1 + 1 + 1 + 1 + 1 + 1 + 1 + 1 + 1 + 1 + 1 + 1', '2016-12-01 14:05:17', '2016-12-01 14:15:09'),
(893, 49, 9, 30, 5, 8, 0.06, ' + 1 + 1 + 1 + 1 + 1 + 1 + 1 + 1 + 1 + 1 + 1 + 1 + 1 + 1 + 1 + 1 + 1', '2016-12-01 14:05:17', '2016-12-01 14:15:09'),
(894, 43, 9, 30, 4, 8, 0.06, ' + 1 + 1 + 1 + 1 + 1 + 1 + 1 + 1 + 1 + 1 + 1 + 1 + 1 + 1 + 1 + 1 + 1', '2016-12-01 14:05:17', '2016-12-01 14:15:09'),
(895, 117, 6, 24, 29, 8, 0.06, ' + 1 + 1 + 1 + 1 + 1 + 1 + 1 + 1 + 1 + 1 + 1 + 1 + 1 + 1 + 1 + 1 + 1', '2016-12-01 14:05:17', '2016-12-01 14:15:09'),
(896, 65, 9, 15, 28, 8, 0.06, ' + 1 + 1 + 1 + 1 + 1 + 1 + 1 + 1 + 1 + 1 + 1 + 1 + 1 + 1 + 1 + 1 + 1', '2016-12-01 14:05:17', '2016-12-01 14:15:09'),
(897, 96, 4, 19, 6, 8, 0.06, ' + 1 + 1 + 1 + 1 + 1 + 1 + 1 + 1 + 1 + 1 + 1 + 1 + 1 + 1 + 1 + 1 + 1', '2016-12-01 14:05:17', '2016-12-01 14:15:09'),
(898, 105, 6, 12, 10, 8, 0.06, ' + 1 + 1 + 1 + 1 + 1 + 1 + 1 + 1 + 1 + 1 + 1 + 1 + 1 + 1 + 1 + 1 + 1', '2016-12-01 14:05:17', '2016-12-01 14:15:09'),
(899, 7, 7, 28, 5, 8, 0.06, ' + 1 + 1 + 1 + 1 + 1 + 1 + 1 + 1 + 1 + 1 + 1 + 1 + 1 + 1 + 1 + 1 + 1', '2016-12-01 14:05:17', '2016-12-01 14:15:09'),
(900, 59, 6, 27, 16, 8, 0.06, ' + 1 + 1 + 1 + 1 + 1 + 1 + 1 + 1 + 1 + 1 + 1 + 1 + 1 + 1 + 1 + 1 + 1', '2016-12-01 14:05:17', '2016-12-01 14:15:09'),
(901, 39, 5, 11, 6, 8, 0.06, ' + 1 + 1 + 1 + 1 + 1 + 1 + 1 + 1 + 1 + 1 + 1 + 1 + 1 + 1 + 1 + 1 + 1', '2016-12-01 14:05:17', '2016-12-01 14:15:09'),
(902, 29, 6, 28, 19, 8, 0.06, ' + 1 + 1 + 1 + 1 + 1 + 1 + 1 + 1 + 1 + 1 + 1 + 1 + 1 + 1 + 1 + 1 + 1', '2016-12-01 14:05:17', '2016-12-01 14:15:09'),
(903, 85, 6, 7, 7, 8, 0.06, ' + 1 + 1 + 1 + 1 + 1 + 1 + 1 + 1 + 1 + 1 + 1 + 1 + 1 + 1 + 1 + 1 + 1', '2016-12-01 14:05:17', '2016-12-01 14:15:09'),
(904, 37, 9, 10, 18, 8, 0.06, ' + 1 + 1 + 1 + 1 + 1 + 1 + 1 + 1 + 1 + 1 + 1 + 1 + 1 + 1 + 1 + 1 + 1', '2016-12-01 14:05:17', '2016-12-01 14:15:09'),
(905, 72, 5, 28, 17, 8, 0.06, ' + 1 + 1 + 1 + 1 + 1 + 1 + 1 + 1 + 1 + 1 + 1 + 1 + 1 + 1 + 1 + 1 + 1', '2016-12-01 14:05:17', '2016-12-01 14:15:09'),
(906, 50, 8, 24, 8, 8, 0.06, ' + 1 + 1 + 1 + 1 + 1 + 1 + 1 + 1 + 1 + 1 + 1 + 1 + 1 + 1 + 1 + 1 + 1', '2016-12-01 14:05:17', '2016-12-01 14:15:09'),
(907, 66, 7, 24, 12, 8, 0.06, ' + 1 + 1 + 1 + 1 + 1 + 1 + 1 + 1 + 1 + 1 + 1 + 1 + 1 + 1 + 1 + 1 + 1', '2016-12-01 14:05:17', '2016-12-01 14:15:09'),
(908, 37, 6, 7, 31, 8, 0.06, ' + 1 + 1 + 1 + 1 + 1 + 1 + 1 + 1 + 1 + 1 + 1 + 1 + 1 + 1 + 1 + 1 + 1', '2016-12-01 14:05:17', '2016-12-01 14:15:09'),
(909, 10, 5, 27, 27, 8, 0.06, ' + 1 + 1 + 1 + 1 + 1 + 1 + 1 + 1 + 1 + 1 + 1 + 1 + 1 + 1 + 1 + 1 + 1', '2016-12-01 14:05:17', '2016-12-01 14:15:09'),
(910, 100, 4, 17, 10, 8, 0.06, ' + 1 + 1 + 1 + 1 + 1 + 1 + 1 + 1 + 1 + 1 + 1 + 1 + 1 + 1 + 1 + 1 + 1', '2016-12-01 14:05:17', '2016-12-01 14:15:09'),
(911, 97, 8, 12, 10, 8, 0.06, ' + 1 + 1 + 1 + 1 + 1 + 1 + 1 + 1 + 1 + 1 + 1 + 1 + 1 + 1 + 1 + 1 + 1', '2016-12-01 14:05:17', '2016-12-01 14:15:09'),
(912, 37, 6, 24, 9, 8, 0.06, ' + 1 + 1 + 1 + 1 + 1 + 1 + 1 + 1 + 1 + 1 + 1 + 1 + 1 + 1 + 1 + 1 + 1', '2016-12-01 14:05:17', '2016-12-01 14:15:09'),
(913, 58, 7, 22, 21, 8, 0.06, ' + 1 + 1 + 1 + 1 + 1 + 1 + 1 + 1 + 1 + 1 + 1 + 1 + 1 + 1 + 1 + 1 + 1', '2016-12-01 14:05:17', '2016-12-01 14:15:09'),
(914, 77, 7, 16, 21, 8, 0.06, ' + 1 + 1 + 1 + 1 + 1 + 1 + 1 + 1 + 1 + 1 + 1 + 1 + 1 + 1 + 1 + 1 + 1', '2016-12-01 14:05:17', '2016-12-01 14:15:09'),
(915, 45, 9, 12, 6, 8, 0.06, ' + 1 + 1 + 1 + 1 + 1 + 1 + 1 + 1 + 1 + 1 + 1 + 1 + 1 + 1 + 1 + 1 + 1', '2016-12-01 14:05:17', '2016-12-01 14:15:09'),
(916, 56, 9, 28, 5, 8, 0.06, ' + 1 + 1 + 1 + 1 + 1 + 1 + 1 + 1 + 1 + 1 + 1 + 1 + 1 + 1 + 1 + 1 + 1', '2016-12-01 14:05:17', '2016-12-01 14:15:09'),
(917, 120, 9, 26, 16, 8, 0.06, ' + 1 + 1 + 1 + 1 + 1 + 1 + 1 + 1 + 1 + 1 + 1 + 1 + 1 + 1 + 1 + 1 + 1', '2016-12-01 14:05:17', '2016-12-01 14:15:09'),
(918, 106, 7, 9, 5, 8, 0.06, ' + 1 + 1 + 1 + 1 + 1 + 1 + 1 + 1 + 1 + 1 + 1 + 1 + 1 + 1 + 1 + 1 + 1', '2016-12-01 14:05:17', '2016-12-01 14:15:09'),
(919, 15, 7, 10, 30, 8, 0.06, ' + 1 + 1 + 1 + 1 + 1 + 1 + 1 + 1 + 1 + 1 + 1 + 1 + 1 + 1 + 1 + 1 + 1', '2016-12-01 14:05:17', '2016-12-01 14:15:09'),
(920, 119, 9, 18, 27, 8, 0.06, ' + 1 + 1 + 1 + 1 + 1 + 1 + 1 + 1 + 1 + 1 + 1 + 1 + 1 + 1 + 1 + 1 + 1', '2016-12-01 14:05:17', '2016-12-01 14:15:09'),
(921, 66, 8, 10, 28, 8, 0.06, ' + 1 + 1 + 1 + 1 + 1 + 1 + 1 + 1 + 1 + 1 + 1 + 1 + 1 + 1 + 1 + 1 + 1', '2016-12-01 14:05:17', '2016-12-01 14:15:09'),
(922, 59, 8, 27, 11, 8, 0.06, ' + 1 + 1 + 1 + 1 + 1 + 1 + 1 + 1 + 1 + 1 + 1 + 1 + 1 + 1 + 1 + 1 + 1', '2016-12-01 14:05:17', '2016-12-01 14:15:09'),
(923, 73, 5, 28, 31, 8, 0.06, ' + 1 + 1 + 1 + 1 + 1 + 1 + 1 + 1 + 1 + 1 + 1 + 1 + 1 + 1 + 1 + 1 + 1', '2016-12-01 14:05:17', '2016-12-01 14:15:10'),
(924, 14, 6, 22, 28, 8, 0.06, ' + 1 + 1 + 1 + 1 + 1 + 1 + 1 + 1 + 1 + 1 + 1 + 1 + 1 + 1 + 1 + 1 + 1', '2016-12-01 14:05:17', '2016-12-01 14:15:10'),
(925, 87, 9, 24, 13, 8, 0.06, ' + 1 + 1 + 1 + 1 + 1 + 1 + 1 + 1 + 1 + 1 + 1 + 1 + 1 + 1 + 1 + 1 + 1', '2016-12-01 14:05:18', '2016-12-01 14:15:10'),
(926, 24, 8, 28, 15, 8, 0.06, ' + 1 + 1 + 1 + 1 + 1 + 1 + 1 + 1 + 1 + 1 + 1 + 1 + 1 + 1 + 1 + 1 + 1', '2016-12-01 14:05:18', '2016-12-01 14:15:10'),
(927, 9, 9, 20, 5, 8, 0.06, ' + 1 + 1 + 1 + 1 + 1 + 1 + 1 + 1 + 1 + 1 + 1 + 1 + 1 + 1 + 1 + 1 + 1', '2016-12-01 14:05:18', '2016-12-01 14:15:10'),
(928, 119, 8, 26, 20, 8, 0.06, ' + 1 + 1 + 1 + 1 + 1 + 1 + 1 + 1 + 1 + 1 + 1 + 1 + 1 + 1 + 1 + 1 + 1', '2016-12-01 14:05:18', '2016-12-01 14:15:10'),
(929, 43, 4, 16, 10, 8, 0.06, ' + 1 + 1 + 1 + 1 + 1 + 1 + 1 + 1 + 1 + 1 + 1 + 1 + 1 + 1 + 1 + 1 + 1', '2016-12-01 14:05:18', '2016-12-01 14:15:10'),
(930, 110, 8, 11, 4, 8, 0.06, ' + 1 + 1 + 1 + 1 + 1 + 1 + 1 + 1 + 1 + 1 + 1 + 1 + 1 + 1 + 1 + 1 + 1', '2016-12-01 14:05:18', '2016-12-01 14:15:10'),
(931, 50, 4, 28, 30, 8, 0.06, ' + 1 + 1 + 1 + 1 + 1 + 1 + 1 + 1 + 1 + 1 + 1 + 1 + 1 + 1 + 1 + 1 + 1', '2016-12-01 14:05:18', '2016-12-01 14:15:10'),
(932, 127, 8, 10, 16, 8, 0.06, ' + 1 + 1 + 1 + 1 + 1 + 1 + 1 + 1 + 1 + 1 + 1 + 1 + 1 + 1 + 1 + 1 + 1', '2016-12-01 14:05:18', '2016-12-01 14:15:10'),
(933, 93, 6, 24, 6, 8, 0.06, ' + 1 + 1 + 1 + 1 + 1 + 1 + 1 + 1 + 1 + 1 + 1 + 1 + 1 + 1 + 1 + 1 + 1', '2016-12-01 14:05:18', '2016-12-01 14:15:10'),
(934, 92, 8, 7, 4, 8, 0.06, ' + 1 + 1 + 1 + 1 + 1 + 1 + 1 + 1 + 1 + 1 + 1 + 1 + 1 + 1 + 1 + 1 + 1', '2016-12-01 14:05:18', '2016-12-01 14:15:10'),
(935, 34, 9, 28, 5, 8, 0.06, ' + 1 + 1 + 1 + 1 + 1 + 1 + 1 + 1 + 1 + 1 + 1 + 1 + 1 + 1 + 1 + 1 + 1', '2016-12-01 14:05:18', '2016-12-01 14:15:10'),
(936, 52, 9, 15, 26, 8, 0.06, ' + 1 + 1 + 1 + 1 + 1 + 1 + 1 + 1 + 1 + 1 + 1 + 1 + 1 + 1 + 1 + 1 + 1', '2016-12-01 14:05:18', '2016-12-01 14:15:10'),
(937, 14, 4, 22, 15, 8, 0.06, ' + 1 + 1 + 1 + 1 + 1 + 1 + 1 + 1 + 1 + 1 + 1 + 1 + 1 + 1 + 1 + 1 + 1', '2016-12-01 14:05:18', '2016-12-01 14:15:10'),
(938, 106, 7, 14, 10, 8, 0.06, ' + 1 + 1 + 1 + 1 + 1 + 1 + 1 + 1 + 1 + 1 + 1 + 1 + 1 + 1 + 1 + 1 + 1', '2016-12-01 14:05:18', '2016-12-01 14:15:10'),
(939, 69, 4, 22, 31, 8, 0.06, ' + 1 + 1 + 1 + 1 + 1 + 1 + 1 + 1 + 1 + 1 + 1 + 1 + 1 + 1 + 1 + 1 + 1', '2016-12-01 14:05:18', '2016-12-01 14:15:10'),
(940, 25, 8, 30, 26, 8, 0.06, ' + 1 + 1 + 1 + 1 + 1 + 1 + 1 + 1 + 1 + 1 + 1 + 1 + 1 + 1 + 1 + 1 + 1', '2016-12-01 14:05:18', '2016-12-01 14:15:10'),
(941, 98, 7, 8, 6, 8, 0.06, ' + 1 + 1 + 1 + 1 + 1 + 1 + 1 + 1 + 1 + 1 + 1 + 1 + 1 + 1 + 1 + 1 + 1', '2016-12-01 14:05:18', '2016-12-01 14:15:10'),
(942, 43, 8, 28, 10, 8, 0.06, ' + 1 + 1 + 1 + 1 + 1 + 1 + 1 + 1 + 1 + 1 + 1 + 1 + 1 + 1 + 1 + 1 + 1', '2016-12-01 14:05:18', '2016-12-01 14:15:10'),
(943, 37, 4, 16, 23, 8, 0.06, ' + 1 + 1 + 1 + 1 + 1 + 1 + 1 + 1 + 1 + 1 + 1 + 1 + 1 + 1 + 1 + 1 + 1', '2016-12-01 14:05:18', '2016-12-01 14:15:10'),
(944, 109, 8, 19, 10, 8, 0.06, ' + 1 + 1 + 1 + 1 + 1 + 1 + 1 + 1 + 1 + 1 + 1 + 1 + 1 + 1 + 1 + 1 + 1', '2016-12-01 14:05:18', '2016-12-01 14:15:10'),
(945, 19, 6, 15, 15, 8, 0.06, ' + 1 + 1 + 1 + 1 + 1 + 1 + 1 + 1 + 1 + 1 + 1 + 1 + 1 + 1 + 1 + 1 + 1', '2016-12-01 14:05:18', '2016-12-01 14:15:10'),
(946, 10, 7, 27, 28, 8, 0.06, ' + 1 + 1 + 1 + 1 + 1 + 1 + 1 + 1 + 1 + 1 + 1 + 1 + 1 + 1 + 1 + 1 + 1', '2016-12-01 14:05:18', '2016-12-01 14:15:10'),
(947, 56, 8, 28, 5, 8, 0.06, ' + 1 + 1 + 1 + 1 + 1 + 1 + 1 + 1 + 1 + 1 + 1 + 1 + 1 + 1 + 1 + 1 + 1', '2016-12-01 14:05:18', '2016-12-01 14:15:10'),
(948, 74, 8, 24, 9, 8, 0.06, ' + 1 + 1 + 1 + 1 + 1 + 1 + 1 + 1 + 1 + 1 + 1 + 1 + 1 + 1 + 1 + 1 + 1', '2016-12-01 14:05:18', '2016-12-01 14:15:10'),
(949, 106, 8, 9, 6, 8, 0.06, ' + 1 + 1 + 1 + 1 + 1 + 1 + 1 + 1 + 1 + 1 + 1 + 1 + 1 + 1 + 1 + 1 + 1', '2016-12-01 14:05:18', '2016-12-01 14:15:10'),
(950, 26, 4, 22, 25, 8, 0.06, ' + 1 + 1 + 1 + 1 + 1 + 1 + 1 + 1 + 1 + 1 + 1 + 1 + 1 + 1 + 1 + 1 + 1', '2016-12-01 14:05:18', '2016-12-01 14:15:10'),
(951, 93, 9, 30, 10, 8, 0.06, ' + 1 + 1 + 1 + 1 + 1 + 1 + 1 + 1 + 1 + 1 + 1 + 1 + 1 + 1 + 1 + 1 + 1', '2016-12-01 14:05:18', '2016-12-01 14:15:10'),
(952, 55, 4, 16, 10, 8, 0.06, ' + 1 + 1 + 1 + 1 + 1 + 1 + 1 + 1 + 1 + 1 + 1 + 1 + 1 + 1 + 1 + 1 + 1', '2016-12-01 14:05:18', '2016-12-01 14:15:10'),
(953, 34, 5, 7, 5, 8, 0.06, ' + 1 + 1 + 1 + 1 + 1 + 1 + 1 + 1 + 1 + 1 + 1 + 1 + 1 + 1 + 1 + 1 + 1', '2016-12-01 14:05:18', '2016-12-01 14:15:10'),
(954, 59, 6, 27, 16, 8, 0.06, ' + 1 + 1 + 1 + 1 + 1 + 1 + 1 + 1 + 1 + 1 + 1 + 1 + 1 + 1 + 1 + 1 + 1', '2016-12-01 14:05:18', '2016-12-01 14:15:10'),
(955, 83, 7, 28, 8, 8, 0.06, ' + 1 + 1 + 1 + 1 + 1 + 1 + 1 + 1 + 1 + 1 + 1 + 1 + 1 + 1 + 1 + 1 + 1', '2016-12-01 14:05:18', '2016-12-01 14:15:10'),
(956, 70, 8, 26, 13, 8, 0.06, ' + 1 + 1 + 1 + 1 + 1 + 1 + 1 + 1 + 1 + 1 + 1 + 1 + 1 + 1 + 1 + 1 + 1', '2016-12-01 14:05:18', '2016-12-01 14:15:10'),
(957, 94, 4, 20, 10, 8, 0.06, ' + 1 + 1 + 1 + 1 + 1 + 1 + 1 + 1 + 1 + 1 + 1 + 1 + 1 + 1 + 1 + 1 + 1', '2016-12-01 14:05:18', '2016-12-01 14:15:10'),
(958, 75, 6, 30, 7, 8, 0.06, ' + 1 + 1 + 1 + 1 + 1 + 1 + 1 + 1 + 1 + 1 + 1 + 1 + 1 + 1 + 1 + 1 + 1', '2016-12-01 14:05:18', '2016-12-01 14:15:10'),
(959, 10, 6, 15, 30, 8, 0.06, ' + 1 + 1 + 1 + 1 + 1 + 1 + 1 + 1 + 1 + 1 + 1 + 1 + 1 + 1 + 1 + 1 + 1', '2016-12-01 14:05:18', '2016-12-01 14:15:10'),
(960, 125, 6, 22, 26, 8, 0.06, ' + 1 + 1 + 1 + 1 + 1 + 1 + 1 + 1 + 1 + 1 + 1 + 1 + 1 + 1 + 1 + 1 + 1', '2016-12-01 14:05:18', '2016-12-01 14:15:10'),
(961, 21, 4, 24, 21, 8, 0.06, ' + 1 + 1 + 1 + 1 + 1 + 1 + 1 + 1 + 1 + 1 + 1 + 1 + 1 + 1 + 1 + 1 + 1', '2016-12-01 14:05:18', '2016-12-01 14:15:10'),
(962, 73, 8, 7, 17, 8, 0.06, ' + 1 + 1 + 1 + 1 + 1 + 1 + 1 + 1 + 1 + 1 + 1 + 1 + 1 + 1 + 1 + 1 + 1', '2016-12-01 14:05:18', '2016-12-01 14:15:10'),
(963, 50, 7, 7, 26, 8, 0.06, ' + 1 + 1 + 1 + 1 + 1 + 1 + 1 + 1 + 1 + 1 + 1 + 1 + 1 + 1 + 1 + 1 + 1', '2016-12-01 14:05:18', '2016-12-01 14:15:10'),
(964, 55, 5, 10, 6, 8, 0.06, ' + 1 + 1 + 1 + 1 + 1 + 1 + 1 + 1 + 1 + 1 + 1 + 1 + 1 + 1 + 1 + 1 + 1', '2016-12-01 14:05:18', '2016-12-01 14:15:10'),
(965, 45, 5, 8, 5, 8, 0.06, ' + 1 + 1 + 1 + 1 + 1 + 1 + 1 + 1 + 1 + 1 + 1 + 1 + 1 + 1 + 1 + 1 + 1', '2016-12-01 14:05:18', '2016-12-01 14:15:10'),
(966, 28, 4, 27, 18, 8, 0.06, ' + 1 + 1 + 1 + 1 + 1 + 1 + 1 + 1 + 1 + 1 + 1 + 1 + 1 + 1 + 1 + 1 + 1', '2016-12-01 14:05:18', '2016-12-01 14:15:10'),
(967, 61, 9, 16, 22, 8, 0.06, ' + 1 + 1 + 1 + 1 + 1 + 1 + 1 + 1 + 1 + 1 + 1 + 1 + 1 + 1 + 1 + 1 + 1', '2016-12-01 14:05:18', '2016-12-01 14:15:10'),
(968, 48, 5, 20, 26, 8, 0.06, ' + 1 + 1 + 1 + 1 + 1 + 1 + 1 + 1 + 1 + 1 + 1 + 1 + 1 + 1 + 1 + 1 + 1', '2016-12-01 14:05:18', '2016-12-01 14:15:10'),
(969, 125, 7, 27, 13, 8, 0.06, ' + 1 + 1 + 1 + 1 + 1 + 1 + 1 + 1 + 1 + 1 + 1 + 1 + 1 + 1 + 1 + 1 + 1', '2016-12-01 14:05:18', '2016-12-01 14:15:10'),
(970, 65, 9, 22, 14, 8, 0.06, ' + 1 + 1 + 1 + 1 + 1 + 1 + 1 + 1 + 1 + 1 + 1 + 1 + 1 + 1 + 1 + 1 + 1', '2016-12-01 14:05:18', '2016-12-01 14:15:10'),
(971, 104, 7, 25, 6, 8, 0.06, ' + 1 + 1 + 1 + 1 + 1 + 1 + 1 + 1 + 1 + 1 + 1 + 1 + 1 + 1 + 1 + 1 + 1', '2016-12-01 14:05:18', '2016-12-01 14:15:10'),
(972, 68, 8, 22, 21, 8, 0.06, ' + 1 + 1 + 1 + 1 + 1 + 1 + 1 + 1 + 1 + 1 + 1 + 1 + 1 + 1 + 1 + 1 + 1', '2016-12-01 14:05:18', '2016-12-01 14:15:10'),
(973, 57, 5, 30, 10, 8, 0.06, ' + 1 + 1 + 1 + 1 + 1 + 1 + 1 + 1 + 1 + 1 + 1 + 1 + 1 + 1 + 1 + 1 + 1', '2016-12-01 14:05:18', '2016-12-01 14:15:10'),
(974, 67, 9, 22, 31, 8, 0.06, ' + 1 + 1 + 1 + 1 + 1 + 1 + 1 + 1 + 1 + 1 + 1 + 1 + 1 + 1 + 1 + 1 + 1', '2016-12-01 14:05:18', '2016-12-01 14:15:10'),
(975, 24, 9, 24, 9, 8, 0.06, ' + 1 + 1 + 1 + 1 + 1 + 1 + 1 + 1 + 1 + 1 + 1 + 1 + 1 + 1 + 1 + 1 + 1', '2016-12-01 14:05:18', '2016-12-01 14:15:10'),
(976, 80, 5, 27, 16, 8, 0.06, ' + 1 + 1 + 1 + 1 + 1 + 1 + 1 + 1 + 1 + 1 + 1 + 1 + 1 + 1 + 1 + 1 + 1', '2016-12-01 14:05:18', '2016-12-01 14:15:10'),
(977, 105, 6, 21, 6, 8, 0.06, ' + 1 + 1 + 1 + 1 + 1 + 1 + 1 + 1 + 1 + 1 + 1 + 1 + 1 + 1 + 1 + 1 + 1', '2016-12-01 14:05:18', '2016-12-01 14:15:10'),
(978, 50, 5, 7, 14, 8, 0.06, ' + 1 + 1 + 1 + 1 + 1 + 1 + 1 + 1 + 1 + 1 + 1 + 1 + 1 + 1 + 1 + 1 + 1', '2016-12-01 14:05:18', '2016-12-01 14:15:10'),
(979, 56, 8, 28, 6, 8, 0.06, ' + 1 + 1 + 1 + 1 + 1 + 1 + 1 + 1 + 1 + 1 + 1 + 1 + 1 + 1 + 1 + 1 + 1', '2016-12-01 14:05:18', '2016-12-01 14:15:10'),
(980, 52, 9, 15, 17, 8, 0.06, ' + 1 + 1 + 1 + 1 + 1 + 1 + 1 + 1 + 1 + 1 + 1 + 1 + 1 + 1 + 1 + 1 + 1', '2016-12-01 14:05:18', '2016-12-01 14:15:10'),
(981, 117, 5, 24, 23, 8, 0.05, ' + 1 + 1 + 1 + 1 + 1 + 1 + 1 + 1 + 1 + 1 + 1 + 1 + 1 + 1 + 1 + 1 + 1+ 1 ', '2016-12-01 14:05:18', '2016-12-01 14:15:10'),
(982, 124, 8, 22, 22, 8, 0.06, ' + 1 + 1 + 1 + 1 + 1 + 1 + 1 + 1 + 1 + 1 + 1 + 1 + 1 + 1 + 1 + 1 + 1', '2016-12-01 14:05:18', '2016-12-01 14:15:10'),
(983, 59, 5, 22, 9, 8, 0.06, ' + 1 + 1 + 1 + 1 + 1 + 1 + 1 + 1 + 1 + 1 + 1 + 1 + 1 + 1 + 1 + 1 + 1', '2016-12-01 14:05:19', '2016-12-01 14:15:10'),
(984, 120, 8, 26, 22, 8, 0.06, ' + 1 + 1 + 1 + 1 + 1 + 1 + 1 + 1 + 1 + 1 + 1 + 1 + 1 + 1 + 1 + 1 + 1', '2016-12-01 14:05:19', '2016-12-01 14:15:10'),
(985, 43, 9, 20, 6, 9, 0.09, ' + 1 + 1 + 1 + 1 + 1 + 1 + 1 + 2 + 1', '2016-12-01 14:05:19', '2016-12-01 14:15:10'),
(986, 103, 6, 17, 4, 9, 0.09, ' + 1 + 1 + 1 + 1 + 1 + 1 + 1 + 2 + 1', '2016-12-01 14:05:19', '2016-12-01 14:15:10'),
(987, 98, 4, 11, 5, 9, 0.09, ' + 1 + 1 + 1 + 1 + 1 + 1 + 1 + 2 + 1', '2016-12-01 14:05:19', '2016-12-01 14:15:11'),
(988, 48, 4, 28, 20, 9, 0.09, ' + 1 + 1 + 1 + 1 + 1 + 1 + 1 + 2 + 1', '2016-12-01 14:05:19', '2016-12-01 14:15:12'),
(989, 72, 7, 24, 17, 9, 0.09, ' + 1 + 1 + 1 + 1 + 1 + 1 + 1 + 2 + 1', '2016-12-01 14:05:19', '2016-12-01 14:15:12'),
(990, 98, 5, 25, 4, 9, 0.09, ' + 1 + 1 + 1 + 1 + 1 + 1 + 1 + 2 + 1', '2016-12-01 14:05:19', '2016-12-01 14:15:12'),
(991, 38, 9, 23, 5, 9, 0.09, ' + 1 + 1 + 1 + 1 + 1 + 1 + 1 + 2 + 1', '2016-12-01 14:05:19', '2016-12-01 14:15:12'),
(992, 16, 9, 20, 27, 9, 0.09, ' + 1 + 1 + 1 + 1 + 1 + 1 + 1 + 2 + 1', '2016-12-01 14:05:19', '2016-12-01 14:15:13'),
(993, 129, 5, 7, 18, 9, 0.09, ' + 1 + 1 + 1 + 1 + 1 + 1 + 1 + 2 + 1', '2016-12-01 14:05:19', '2016-12-01 14:15:13'),
(994, 38, 7, 13, 10, 9, 0.09, ' + 1 + 1 + 1 + 1 + 1 + 1 + 1 + 2 + 1', '2016-12-01 14:05:19', '2016-12-01 14:15:13'),
(995, 119, 7, 18, 12, 9, 0.09, ' + 1 + 1 + 1 + 1 + 1 + 1 + 1 + 2 + 1', '2016-12-01 14:05:19', '2016-12-01 14:15:13'),
(996, 50, 5, 20, 30, 9, 0.09, ' + 1 + 1 + 1 + 1 + 1 + 1 + 1 + 2 + 1', '2016-12-01 14:05:19', '2016-12-01 14:15:13'),
(997, 107, 7, 21, 5, 9, 0.09, ' + 1 + 1 + 1 + 1 + 1 + 1 + 1 + 2 + 1', '2016-12-01 14:05:19', '2016-12-01 14:15:13'),
(998, 48, 6, 30, 16, 9, 0.09, ' + 1 + 1 + 1 + 1 + 1 + 1 + 1 + 2 + 1', '2016-12-01 14:05:19', '2016-12-01 14:15:13'),
(999, 99, 7, 25, 4, 9, 0.09, ' + 1 + 1 + 1 + 1 + 1 + 1 + 1 + 2 + 1', '2016-12-01 14:05:19', '2016-12-01 14:15:13'),
(1000, 73, 6, 24, 18, 9, 0.09, ' + 1 + 1 + 1 + 1 + 1 + 1 + 1 + 2 + 1', '2016-12-01 14:05:19', '2016-12-01 14:15:13'),
(1001, 109, 6, 13, 4, 9, 0.09, ' + 1 + 1 + 1 + 1 + 1 + 1 + 1 + 2 + 1', '2016-12-01 14:05:19', '2016-12-01 14:15:13'),
(1002, 83, 6, 7, 12, 9, 0.09, ' + 1 + 1 + 1 + 1 + 1 + 1 + 1 + 2 + 1', '2016-12-01 14:05:19', '2016-12-01 14:15:13'),
(1003, 86, 6, 28, 26, 9, 0.09, ' + 1 + 1 + 1 + 1 + 1 + 1 + 1 + 2 + 1', '2016-12-01 14:05:19', '2016-12-01 14:15:13'),
(1004, 80, 4, 27, 25, 9, 0.09, ' + 1 + 1 + 1 + 1 + 1 + 1 + 1 + 2 + 1', '2016-12-01 14:05:19', '2016-12-01 14:15:13'),
(1005, 119, 4, 18, 26, 9, 0.09, ' + 1 + 1 + 1 + 1 + 1 + 1 + 1 + 2 + 1', '2016-12-01 14:05:19', '2016-12-01 14:15:13'),
(1006, 23, 7, 28, 24, 9, 0.09, ' + 1 + 1 + 1 + 1 + 1 + 1 + 1 + 2 + 1', '2016-12-01 14:05:19', '2016-12-01 14:15:13'),
(1007, 34, 7, 28, 10, 9, 0.09, ' + 1 + 1 + 1 + 1 + 1 + 1 + 1 + 2 + 1', '2016-12-01 14:05:19', '2016-12-01 14:15:13'),
(1008, 80, 6, 22, 23, 9, 0.09, ' + 1 + 1 + 1 + 1 + 1 + 1 + 1 + 2 + 1', '2016-12-01 14:05:19', '2016-12-01 14:15:13'),
(1009, 116, 8, 30, 27, 9, 0.09, ' + 1 + 1 + 1 + 1 + 1 + 1 + 1 + 2 + 1', '2016-12-01 14:05:19', '2016-12-01 14:15:13'),
(1010, 15, 6, 7, 18, 9, 0.09, ' + 1 + 1 + 1 + 1 + 1 + 1 + 1 + 2 + 1', '2016-12-01 14:05:19', '2016-12-01 14:15:13'),
(1011, 72, 8, 28, 15, 9, 0.09, ' + 1 + 1 + 1 + 1 + 1 + 1 + 1 + 2 + 1', '2016-12-01 14:05:19', '2016-12-01 14:15:13'),
(1012, 83, 7, 30, 9, 9, 0.09, ' + 1 + 1 + 1 + 1 + 1 + 1 + 1 + 2 + 1', '2016-12-01 14:05:19', '2016-12-01 14:15:13'),
(1013, 125, 8, 27, 8, 9, 0.09, ' + 1 + 1 + 1 + 1 + 1 + 1 + 1 + 2 + 1', '2016-12-01 14:05:19', '2016-12-01 14:15:13'),
(1014, 65, 5, 15, 27, 9, 0.09, ' + 1 + 1 + 1 + 1 + 1 + 1 + 1 + 2 + 1', '2016-12-01 14:05:19', '2016-12-01 14:15:13'),
(1015, 35, 6, 10, 6, 9, 0.09, ' + 1 + 1 + 1 + 1 + 1 + 1 + 1 + 2 + 1', '2016-12-01 14:05:19', '2016-12-01 14:15:13'),
(1016, 39, 5, 17, 6, 9, 0.09, ' + 1 + 1 + 1 + 1 + 1 + 1 + 1 + 2 + 1', '2016-12-01 14:05:19', '2016-12-01 14:15:13'),
(1017, 108, 6, 21, 5, 9, 0.09, ' + 1 + 1 + 1 + 1 + 1 + 1 + 1 + 2 + 1', '2016-12-01 14:05:19', '2016-12-01 14:15:13'),
(1018, 34, 5, 7, 6, 9, 0.09, ' + 1 + 1 + 1 + 1 + 1 + 1 + 1 + 2 + 1', '2016-12-01 14:05:19', '2016-12-01 14:15:13'),
(1019, 55, 5, 20, 5, 9, 0.09, ' + 1 + 1 + 1 + 1 + 1 + 1 + 1 + 2 + 1', '2016-12-01 14:05:19', '2016-12-01 14:15:13'),
(1020, 118, 8, 10, 20, 9, 0.09, ' + 1 + 1 + 1 + 1 + 1 + 1 + 1 + 2 + 1', '2016-12-01 14:05:19', '2016-12-01 14:15:13'),
(1021, 60, 8, 16, 25, 9, 0.09, ' + 1 + 1 + 1 + 1 + 1 + 1 + 1 + 2 + 1', '2016-12-01 14:05:19', '2016-12-01 14:15:13'),
(1022, 67, 5, 22, 25, 9, 0.09, ' + 1 + 1 + 1 + 1 + 1 + 1 + 1 + 2 + 1', '2016-12-01 14:05:19', '2016-12-01 14:15:13'),
(1023, 74, 4, 30, 20, 9, 0.09, ' + 1 + 1 + 1 + 1 + 1 + 1 + 1 + 2 + 1', '2016-12-01 14:05:19', '2016-12-01 14:15:13'),
(1024, 124, 5, 22, 13, 9, 0.09, ' + 1 + 1 + 1 + 1 + 1 + 1 + 1 + 2 + 1', '2016-12-01 14:05:19', '2016-12-01 14:15:13'),
(1025, 87, 4, 20, 28, 9, 0.09, ' + 1 + 1 + 1 + 1 + 1 + 1 + 1 + 2 + 1', '2016-12-01 14:05:19', '2016-12-01 14:15:13'),
(1026, 54, 5, 28, 26, 9, 0.09, ' + 1 + 1 + 1 + 1 + 1 + 1 + 1 + 2 + 1', '2016-12-01 14:05:19', '2016-12-01 14:15:13'),
(1027, 116, 9, 30, 28, 9, 0.09, ' + 1 + 1 + 1 + 1 + 1 + 1 + 1 + 2 + 1', '2016-12-01 14:05:19', '2016-12-01 14:15:13'),
(1028, 106, 4, 8, 5, 9, 0.09, ' + 1 + 1 + 1 + 1 + 1 + 1 + 1 + 2 + 1', '2016-12-01 14:05:19', '2016-12-01 14:15:13'),
(1029, 99, 8, 19, 5, 9, 0.09, ' + 1 + 1 + 1 + 1 + 1 + 1 + 1 + 2 + 1', '2016-12-01 14:05:19', '2016-12-01 14:15:13'),
(1030, 102, 4, 9, 10, 9, 0.09, ' + 1 + 1 + 1 + 1 + 1 + 1 + 1 + 2 + 1', '2016-12-01 14:05:19', '2016-12-01 14:15:13'),
(1031, 79, 9, 22, 9, 9, 0.09, ' + 1 + 1 + 1 + 1 + 1 + 1 + 1 + 2 + 1', '2016-12-01 14:05:19', '2016-12-01 14:15:13'),
(1032, 54, 8, 28, 26, 9, 0.09, ' + 1 + 1 + 1 + 1 + 1 + 1 + 1 + 2 + 1', '2016-12-01 14:05:19', '2016-12-01 14:15:13'),
(1033, 90, 7, 28, 5, 9, 0.09, ' + 1 + 1 + 1 + 1 + 1 + 1 + 1 + 2 + 1', '2016-12-01 14:05:19', '2016-12-01 14:15:13'),
(1034, 96, 4, 23, 5, 9, 0.09, ' + 1 + 1 + 1 + 1 + 1 + 1 + 1 + 2 + 1', '2016-12-01 14:05:19', '2016-12-01 14:15:13'),
(1035, 11, 9, 28, 16, 9, 0.09, ' + 1 + 1 + 1 + 1 + 1 + 1 + 1 + 2 + 1', '2016-12-01 14:05:19', '2016-12-01 14:15:13'),
(1036, 83, 6, 10, 8, 9, 0.09, ' + 1 + 1 + 1 + 1 + 1 + 1 + 1 + 2 + 1', '2016-12-01 14:05:19', '2016-12-01 14:15:13'),
(1037, 110, 5, 14, 6, 9, 0.09, ' + 1 + 1 + 1 + 1 + 1 + 1 + 1 + 2 + 1', '2016-12-01 14:05:19', '2016-12-01 14:15:13'),
(1038, 65, 8, 27, 12, 9, 0.09, ' + 1 + 1 + 1 + 1 + 1 + 1 + 1 + 2 + 1', '2016-12-01 14:05:19', '2016-12-01 14:15:13'),
(1039, 126, 9, 30, 12, 9, 0.09, ' + 1 + 1 + 1 + 1 + 1 + 1 + 1 + 2 + 1', '2016-12-01 14:05:19', '2016-12-01 14:15:13'),
(1040, 95, 7, 19, 6, 9, 0.09, ' + 1 + 1 + 1 + 1 + 1 + 1 + 1 + 2 + 1', '2016-12-01 14:05:19', '2016-12-01 14:15:13'),
(1041, 42, 7, 23, 5, 9, 0.09, ' + 1 + 1 + 1 + 1 + 1 + 1 + 1 + 2 + 1', '2016-12-01 14:05:19', '2016-12-01 14:15:13'),
(1042, 94, 9, 20, 4, 9, 0.09, ' + 1 + 1 + 1 + 1 + 1 + 1 + 1 + 2 + 1', '2016-12-01 14:05:19', '2016-12-01 14:15:13'),
(1043, 128, 9, 28, 7, 9, 0.09, ' + 1 + 1 + 1 + 1 + 1 + 1 + 1 + 2 + 1', '2016-12-01 14:05:19', '2016-12-01 14:15:13'),
(1044, 49, 7, 28, 4, 9, 0.09, ' + 1 + 1 + 1 + 1 + 1 + 1 + 1 + 2 + 1', '2016-12-01 14:05:19', '2016-12-01 14:15:13'),
(1045, 40, 9, 21, 6, 9, 0.09, ' + 1 + 1 + 1 + 1 + 1 + 1 + 1 + 2 + 1', '2016-12-01 14:05:19', '2016-12-01 14:15:13'),
(1046, 99, 8, 19, 6, 9, 0.09, ' + 1 + 1 + 1 + 1 + 1 + 1 + 1 + 2 + 1', '2016-12-01 14:05:19', '2016-12-01 14:15:13'),
(1047, 40, 8, 14, 5, 9, 0.09, ' + 1 + 1 + 1 + 1 + 1 + 1 + 1 + 2 + 1', '2016-12-01 14:05:19', '2016-12-01 14:15:13'),
(1048, 126, 4, 28, 9, 9, 0.09, ' + 1 + 1 + 1 + 1 + 1 + 1 + 1 + 2 + 1', '2016-12-01 14:05:19', '2016-12-01 14:15:13'),
(1049, 23, 8, 20, 31, 9, 0.09, ' + 1 + 1 + 1 + 1 + 1 + 1 + 1 + 2 + 1', '2016-12-01 14:05:19', '2016-12-01 14:15:13'),
(1050, 120, 9, 26, 30, 9, 0.09, ' + 1 + 1 + 1 + 1 + 1 + 1 + 1 + 2 + 1', '2016-12-01 14:05:19', '2016-12-01 14:15:13'),
(1051, 98, 4, 21, 10, 9, 0.09, ' + 1 + 1 + 1 + 1 + 1 + 1 + 1 + 2 + 1', '2016-12-01 14:05:19', '2016-12-01 14:15:13'),
(1052, 23, 4, 10, 30, 9, 0.09, ' + 1 + 1 + 1 + 1 + 1 + 1 + 1 + 2 + 1', '2016-12-01 14:05:20', '2016-12-01 14:15:14'),
(1053, 86, 7, 20, 25, 9, 0.09, ' + 1 + 1 + 1 + 1 + 1 + 1 + 1 + 2 + 1', '2016-12-01 14:05:20', '2016-12-01 14:15:14'),
(1054, 101, 4, 13, 4, 9, 0.09, ' + 1 + 1 + 1 + 1 + 1 + 1 + 1 + 2 + 1', '2016-12-01 14:05:20', '2016-12-01 14:15:14'),
(1055, 7, 9, 16, 10, 9, 0.09, ' + 1 + 1 + 1 + 1 + 1 + 1 + 1 + 2 + 1', '2016-12-01 14:05:20', '2016-12-01 14:15:14'),
(1056, 29, 9, 24, 29, 9, 0.09, ' + 1 + 1 + 1 + 1 + 1 + 1 + 1 + 2 + 1', '2016-12-01 14:05:20', '2016-12-01 14:15:14'),
(1057, 98, 7, 23, 4, 9, 0.09, ' + 1 + 1 + 1 + 1 + 1 + 1 + 1 + 2 + 1', '2016-12-01 14:05:20', '2016-12-01 14:15:14'),
(1058, 82, 9, 28, 31, 9, 0.09, ' + 1 + 1 + 1 + 1 + 1 + 1 + 1 + 2 + 1', '2016-12-01 14:05:20', '2016-12-01 14:15:14'),
(1059, 85, 4, 10, 26, 9, 0.09, ' + 1 + 1 + 1 + 1 + 1 + 1 + 1 + 2 + 1', '2016-12-01 14:05:20', '2016-12-01 14:15:14'),
(1060, 19, 6, 27, 17, 9, 0.09, ' + 1 + 1 + 1 + 1 + 1 + 1 + 1 + 2 + 1', '2016-12-01 14:05:20', '2016-12-01 14:15:14'),
(1061, 117, 7, 30, 16, 9, 0.09, ' + 1 + 1 + 1 + 1 + 1 + 1 + 1 + 2 + 1', '2016-12-01 14:05:20', '2016-12-01 14:15:14'),
(1062, 23, 6, 24, 30, 9, 0.09, ' + 1 + 1 + 1 + 1 + 1 + 1 + 1 + 2 + 1', '2016-12-01 14:05:20', '2016-12-01 14:15:14'),
(1063, 84, 6, 16, 21, 9, 0.09, ' + 1 + 1 + 1 + 1 + 1 + 1 + 1 + 2 + 1', '2016-12-01 14:05:20', '2016-12-01 14:15:14'),
(1064, 116, 4, 16, 19, 9, 0.09, ' + 1 + 1 + 1 + 1 + 1 + 1 + 1 + 2 + 1', '2016-12-01 14:05:20', '2016-12-01 14:15:14'),
(1065, 119, 7, 26, 17, 9, 0.09, ' + 1 + 1 + 1 + 1 + 1 + 1 + 1 + 2 + 1', '2016-12-01 14:05:20', '2016-12-01 14:15:14'),
(1066, 131, 4, 6, 5, 9, 0.09, ' + 1 + 1 + 1 + 1 + 1 + 1 + 1 + 2 + 1', '2016-12-01 14:05:20', '2016-12-01 14:15:14'),
(1067, 93, 6, 7, 6, 9, 0.09, ' + 1 + 1 + 1 + 1 + 1 + 1 + 1 + 2 + 1', '2016-12-01 14:05:20', '2016-12-01 14:15:14'),
(1068, 10, 6, 22, 17, 9, 0.09, ' + 1 + 1 + 1 + 1 + 1 + 1 + 1 + 2 + 1', '2016-12-01 14:05:20', '2016-12-01 14:15:14'),
(1069, 111, 7, 25, 4, 9, 0.09, ' + 1 + 1 + 1 + 1 + 1 + 1 + 1 + 2 + 1', '2016-12-01 14:05:20', '2016-12-01 14:15:14'),
(1070, 37, 5, 16, 23, 9, 0.09, ' + 1 + 1 + 1 + 1 + 1 + 1 + 1 + 2 + 1', '2016-12-01 14:05:20', '2016-12-01 14:15:14'),
(1071, 19, 8, 22, 19, 9, 0.09, ' + 1 + 1 + 1 + 1 + 1 + 1 + 1 + 2 + 1', '2016-12-01 14:05:20', '2016-12-01 14:15:14'),
(1072, 38, 9, 6, 4, 9, 0.09, ' + 1 + 1 + 1 + 1 + 1 + 1 + 1 + 2 + 1', '2016-12-01 14:05:20', '2016-12-01 14:15:14'),
(1073, 38, 4, 19, 6, 9, 0.09, ' + 1 + 1 + 1 + 1 + 1 + 1 + 1 + 2 + 1', '2016-12-01 14:05:20', '2016-12-01 14:15:14'),
(1074, 41, 5, 23, 5, 9, 0.09, ' + 1 + 1 + 1 + 1 + 1 + 1 + 1 + 2 + 1', '2016-12-01 14:05:20', '2016-12-01 14:15:14'),
(1075, 81, 8, 27, 7, 9, 0.09, ' + 1 + 1 + 1 + 1 + 1 + 1 + 1 + 2 + 1', '2016-12-01 14:05:20', '2016-12-01 14:15:14'),
(1076, 48, 9, 28, 13, 9, 0.09, ' + 1 + 1 + 1 + 1 + 1 + 1 + 1 + 2 + 1', '2016-12-01 14:05:20', '2016-12-01 14:15:14'),
(1077, 102, 9, 17, 10, 9, 0.09, ' + 1 + 1 + 1 + 1 + 1 + 1 + 1 + 2 + 1', '2016-12-01 14:05:20', '2016-12-01 14:15:14'),
(1078, 98, 8, 23, 4, 9, 0.09, ' + 1 + 1 + 1 + 1 + 1 + 1 + 1 + 2 + 1', '2016-12-01 14:05:20', '2016-12-01 14:15:14'),
(1079, 29, 9, 28, 28, 9, 0.09, ' + 1 + 1 + 1 + 1 + 1 + 1 + 1 + 2 + 1', '2016-12-01 14:05:20', '2016-12-01 14:15:14'),
(1080, 14, 4, 15, 8, 9, 0.09, ' + 1 + 1 + 1 + 1 + 1 + 1 + 1 + 2 + 1', '2016-12-01 14:05:20', '2016-12-01 14:15:14'),
(1081, 112, 9, 8, 5, 9, 0.09, ' + 1 + 1 + 1 + 1 + 1 + 1 + 1 + 2 + 1', '2016-12-01 14:05:20', '2016-12-01 14:15:14'),
(1082, 23, 9, 16, 17, 9, 0.09, ' + 1 + 1 + 1 + 1 + 1 + 1 + 1 + 2 + 1', '2016-12-01 14:05:20', '2016-12-01 14:15:14'),
(1083, 101, 6, 21, 5, 9, 0.09, ' + 1 + 1 + 1 + 1 + 1 + 1 + 1 + 2 + 1', '2016-12-01 14:05:20', '2016-12-01 14:15:14'),
(1084, 59, 5, 27, 15, 9, 0.09, ' + 1 + 1 + 1 + 1 + 1 + 1 + 1 + 2 + 1', '2016-12-01 14:05:20', '2016-12-01 14:15:14'),
(1085, 102, 5, 14, 10, 9, 0.09, ' + 1 + 1 + 1 + 1 + 1 + 1 + 1 + 2 + 1', '2016-12-01 14:05:20', '2016-12-01 14:15:14'),
(1086, 107, 5, 17, 5, 9, 0.09, ' + 1 + 1 + 1 + 1 + 1 + 1 + 1 + 2 + 1', '2016-12-01 14:05:20', '2016-12-01 14:15:14'),
(1087, 103, 5, 19, 5, 9, 0.08, ' + 1 + 1 + 1 + 1 + 1 + 1 + 1 + 2 + 1+ 1 ', '2016-12-01 14:05:20', '2016-12-01 14:15:14'),
(1088, 13, 8, 24, 23, 9, 0.09, ' + 1 + 1 + 1 + 1 + 1 + 1 + 1 + 2 + 1', '2016-12-01 14:05:20', '2016-12-01 14:15:15'),
(1089, 42, 7, 14, 6, 9, 0.09, ' + 1 + 1 + 1 + 1 + 1 + 1 + 1 + 2 + 1', '2016-12-01 14:05:20', '2016-12-01 14:15:15'),
(1090, 86, 5, 28, 30, 9, 0.09, ' + 1 + 1 + 1 + 1 + 1 + 1 + 1 + 2 + 1', '2016-12-01 14:05:20', '2016-12-01 14:15:15'),
(1091, 127, 5, 24, 28, 9, 0.08, ' + 1 + 1 + 1 + 1 + 1 + 1 + 1 + 2 + 1+ 1 ', '2016-12-01 14:05:20', '2016-12-01 14:15:15'),
(1092, 72, 6, 7, 13, 9, 0.09, ' + 1 + 1 + 1 + 1 + 1 + 1 + 1 + 2 + 1', '2016-12-01 14:05:20', '2016-12-01 14:15:15'),
(1093, 112, 8, 9, 5, 9, 0.09, ' + 1 + 1 + 1 + 1 + 1 + 1 + 1 + 2 + 1', '2016-12-01 14:05:20', '2016-12-01 14:15:15'),
(1094, 18, 6, 24, 21, 9, 0.09, ' + 1 + 1 + 1 + 1 + 1 + 1 + 1 + 2 + 1', '2016-12-01 14:05:20', '2016-12-01 14:15:15'),
(1095, 83, 7, 7, 21, 9, 0.09, ' + 1 + 1 + 1 + 1 + 1 + 1 + 1 + 2 + 1', '2016-12-01 14:05:20', '2016-12-01 14:15:16'),
(1096, 123, 9, 30, 24, 9, 0.09, ' + 1 + 1 + 1 + 1 + 1 + 1 + 1 + 2 + 1', '2016-12-01 14:05:20', '2016-12-01 14:15:16'),
(1097, 94, 9, 7, 4, 9, 0.09, ' + 1 + 1 + 1 + 1 + 1 + 1 + 1 + 2 + 1', '2016-12-01 14:05:20', '2016-12-01 14:15:16'),
(1098, 88, 4, 10, 23, 9, 0.09, ' + 1 + 1 + 1 + 1 + 1 + 1 + 1 + 2 + 1', '2016-12-01 14:05:20', '2016-12-01 14:15:16'),
(1099, 65, 6, 27, 27, 9, 0.09, ' + 1 + 1 + 1 + 1 + 1 + 1 + 1 + 2 + 1', '2016-12-01 14:05:20', '2016-12-01 14:15:16'),
(1100, 62, 5, 27, 9, 9, 0.09, ' + 1 + 1 + 1 + 1 + 1 + 1 + 1 + 2 + 1', '2016-12-01 14:05:21', '2016-12-01 14:15:16'),
(1101, 47, 5, 18, 15, 9, 0.09, ' + 1 + 1 + 1 + 1 + 1 + 1 + 1 + 2 + 1', '2016-12-01 14:05:21', '2016-12-01 14:15:16'),
(1102, 65, 6, 22, 25, 9, 0.09, ' + 1 + 1 + 1 + 1 + 1 + 1 + 1 + 2 + 1', '2016-12-01 14:05:21', '2016-12-01 14:15:16'),
(1103, 7, 8, 10, 6, 9, 0.09, ' + 1 + 1 + 1 + 1 + 1 + 1 + 1 + 2 + 1', '2016-12-01 14:05:21', '2016-12-01 14:15:16'),
(1104, 26, 7, 15, 28, 9, 0.09, ' + 1 + 1 + 1 + 1 + 1 + 1 + 1 + 2 + 1', '2016-12-01 14:05:21', '2016-12-01 14:15:16'),
(1105, 58, 9, 22, 23, 9, 0.09, ' + 1 + 1 + 1 + 1 + 1 + 1 + 1 + 2 + 1', '2016-12-01 14:05:21', '2016-12-01 14:15:16'),
(1106, 127, 7, 7, 17, 9, 0.09, ' + 1 + 1 + 1 + 1 + 1 + 1 + 1 + 2 + 1', '2016-12-01 14:05:21', '2016-12-01 14:15:16'),
(1107, 42, 5, 12, 4, 9, 0.08, ' + 1 + 1 + 1 + 1 + 1 + 1 + 1 + 2 + 1+ 1 ', '2016-12-01 14:05:21', '2016-12-01 14:15:16'),
(1108, 32, 5, 24, 23, 10, 0.06, ' + 1 + 1 + 1 + 1 + 1 + 1 + 1 + 2 + 1 + 1 + 1 + 1 + 1+ 1 ', '2016-12-01 14:05:21', '2016-12-01 14:15:16'),
(1109, 78, 6, 22, 15, 10, 0.07, ' + 1 + 1 + 1 + 1 + 1 + 1 + 1 + 2 + 1 + 1 + 1 + 1 + 1', '2016-12-01 14:05:21', '2016-12-01 14:15:16'),
(1110, 72, 4, 24, 30, 10, 0.07, ' + 1 + 1 + 1 + 1 + 1 + 1 + 1 + 2 + 1 + 1 + 1 + 1 + 1', '2016-12-01 14:05:21', '2016-12-01 14:15:16'),
(1111, 63, 4, 27, 20, 10, 0.07, ' + 1 + 1 + 1 + 1 + 1 + 1 + 1 + 2 + 1 + 1 + 1 + 1 + 1', '2016-12-01 14:05:21', '2016-12-01 14:15:16'),
(1112, 131, 5, 12, 5, 10, 0.06, ' + 1 + 1 + 1 + 1 + 1 + 1 + 1 + 2 + 1 + 1 + 1 + 1 + 1+ 1 ', '2016-12-01 14:05:21', '2016-12-01 14:15:16'),
(1113, 117, 8, 20, 20, 10, 0.07, ' + 1 + 1 + 1 + 1 + 1 + 1 + 1 + 2 + 1 + 1 + 1 + 1 + 1', '2016-12-01 14:05:21', '2016-12-01 14:15:16'),
(1114, 27, 5, 7, 23, 10, 0.07, ' + 1 + 1 + 1 + 1 + 1 + 1 + 1 + 2 + 1 + 1 + 1 + 1 + 1', '2016-12-01 14:05:21', '2016-12-01 14:15:16'),
(1115, 127, 9, 7, 29, 10, 0.07, ' + 1 + 1 + 1 + 1 + 1 + 1 + 1 + 2 + 1 + 1 + 1 + 1 + 1', '2016-12-01 14:05:21', '2016-12-01 14:15:16'),
(1116, 102, 6, 8, 6, 10, 0.07, ' + 1 + 1 + 1 + 1 + 1 + 1 + 1 + 2 + 1 + 1 + 1 + 1 + 1', '2016-12-01 14:05:21', '2016-12-01 14:15:16'),
(1117, 98, 9, 13, 5, 10, 0.07, ' + 1 + 1 + 1 + 1 + 1 + 1 + 1 + 2 + 1 + 1 + 1 + 1 + 1', '2016-12-01 14:05:21', '2016-12-01 14:15:16'),
(1118, 109, 6, 21, 5, 10, 0.07, ' + 1 + 1 + 1 + 1 + 1 + 1 + 1 + 2 + 1 + 1 + 1 + 1 + 1', '2016-12-01 14:05:21', '2016-12-01 14:15:16'),
(1119, 76, 4, 10, 14, 10, 0.07, ' + 1 + 1 + 1 + 1 + 1 + 1 + 1 + 2 + 1 + 1 + 1 + 1 + 1', '2016-12-01 14:05:21', '2016-12-01 14:15:16'),
(1120, 29, 9, 7, 18, 10, 0.07, ' + 1 + 1 + 1 + 1 + 1 + 1 + 1 + 2 + 1 + 1 + 1 + 1 + 1', '2016-12-01 14:05:21', '2016-12-01 14:15:16'),
(1121, 88, 8, 20, 8, 10, 0.07, ' + 1 + 1 + 1 + 1 + 1 + 1 + 1 + 2 + 1 + 1 + 1 + 1 + 1', '2016-12-01 14:05:21', '2016-12-01 14:15:16'),
(1122, 84, 6, 10, 14, 10, 0.07, ' + 1 + 1 + 1 + 1 + 1 + 1 + 1 + 2 + 1 + 1 + 1 + 1 + 1', '2016-12-01 14:05:21', '2016-12-01 14:15:16'),
(1123, 69, 7, 15, 11, 10, 0.07, ' + 1 + 1 + 1 + 1 + 1 + 1 + 1 + 2 + 1 + 1 + 1 + 1 + 1', '2016-12-01 14:05:21', '2016-12-01 14:15:16'),
(1124, 130, 4, 21, 10, 10, 0.07, ' + 1 + 1 + 1 + 1 + 1 + 1 + 1 + 2 + 1 + 1 + 1 + 1 + 1', '2016-12-01 14:05:21', '2016-12-01 14:15:16'),
(1125, 119, 5, 26, 29, 10, 0.07, ' + 1 + 1 + 1 + 1 + 1 + 1 + 1 + 2 + 1 + 1 + 1 + 1 + 1', '2016-12-01 14:05:21', '2016-12-01 14:15:16'),
(1126, 119, 8, 18, 15, 10, 0.07, ' + 1 + 1 + 1 + 1 + 1 + 1 + 1 + 2 + 1 + 1 + 1 + 1 + 1', '2016-12-01 14:05:21', '2016-12-01 14:15:16'),
(1127, 16, 7, 7, 20, 10, 0.07, ' + 1 + 1 + 1 + 1 + 1 + 1 + 1 + 2 + 1 + 1 + 1 + 1 + 1', '2016-12-01 14:05:21', '2016-12-01 14:15:16'),
(1128, 17, 6, 10, 31, 10, 0.07, ' + 1 + 1 + 1 + 1 + 1 + 1 + 1 + 2 + 1 + 1 + 1 + 1 + 1', '2016-12-01 14:05:21', '2016-12-01 14:15:16'),
(1129, 131, 6, 12, 4, 10, 0.07, ' + 1 + 1 + 1 + 1 + 1 + 1 + 1 + 2 + 1 + 1 + 1 + 1 + 1', '2016-12-01 14:05:21', '2016-12-01 14:15:16'),
(1130, 34, 4, 30, 6, 10, 0.07, ' + 1 + 1 + 1 + 1 + 1 + 1 + 1 + 2 + 1 + 1 + 1 + 1 + 1', '2016-12-01 14:05:21', '2016-12-01 14:15:16'),
(1131, 113, 9, 23, 5, 10, 0.07, ' + 1 + 1 + 1 + 1 + 1 + 1 + 1 + 2 + 1 + 1 + 1 + 1 + 1', '2016-12-01 14:05:21', '2016-12-01 14:15:16'),
(1132, 37, 6, 20, 11, 10, 0.07, ' + 1 + 1 + 1 + 1 + 1 + 1 + 1 + 2 + 1 + 1 + 1 + 1 + 1', '2016-12-01 14:05:21', '2016-12-01 14:15:16'),
(1133, 112, 5, 19, 10, 10, 0.06, ' + 1 + 1 + 1 + 1 + 1 + 1 + 1 + 2 + 1 + 1 + 1 + 1 + 1+ 1 ', '2016-12-01 14:05:21', '2016-12-01 14:15:16'),
(1134, 127, 8, 10, 27, 10, 0.07, ' + 1 + 1 + 1 + 1 + 1 + 1 + 1 + 2 + 1 + 1 + 1 + 1 + 1', '2016-12-01 14:05:21', '2016-12-01 14:15:16'),
(1135, 107, 4, 11, 5, 10, 0.07, ' + 1 + 1 + 1 + 1 + 1 + 1 + 1 + 2 + 1 + 1 + 1 + 1 + 1', '2016-12-01 14:05:21', '2016-12-01 14:15:16'),
(1136, 67, 7, 22, 15, 10, 0.07, ' + 1 + 1 + 1 + 1 + 1 + 1 + 1 + 2 + 1 + 1 + 1 + 1 + 1', '2016-12-01 14:05:21', '2016-12-01 14:15:16'),
(1137, 111, 8, 13, 6, 10, 0.07, ' + 1 + 1 + 1 + 1 + 1 + 1 + 1 + 2 + 1 + 1 + 1 + 1 + 1', '2016-12-01 14:05:21', '2016-12-01 14:15:16'),
(1138, 26, 6, 15, 18, 10, 0.07, ' + 1 + 1 + 1 + 1 + 1 + 1 + 1 + 2 + 1 + 1 + 1 + 1 + 1', '2016-12-01 14:05:21', '2016-12-01 14:15:16');
INSERT INTO `schedules` (`id`, `teachs_id`, `days_id`, `times_id`, `rooms_id`, `type`, `value`, `value_process`, `created_at`, `updated_at`) VALUES
(1139, 14, 8, 22, 25, 10, 0.07, ' + 1 + 1 + 1 + 1 + 1 + 1 + 1 + 2 + 1 + 1 + 1 + 1 + 1', '2016-12-01 14:05:21', '2016-12-01 14:15:16'),
(1140, 63, 7, 15, 15, 10, 0.07, ' + 1 + 1 + 1 + 1 + 1 + 1 + 1 + 2 + 1 + 1 + 1 + 1 + 1', '2016-12-01 14:05:21', '2016-12-01 14:15:16'),
(1141, 58, 4, 15, 14, 10, 0.07, ' + 1 + 1 + 1 + 1 + 1 + 1 + 1 + 2 + 1 + 1 + 1 + 1 + 1', '2016-12-01 14:05:21', '2016-12-01 14:15:16'),
(1142, 34, 5, 28, 6, 10, 0.07, ' + 1 + 1 + 1 + 1 + 1 + 1 + 1 + 2 + 1 + 1 + 1 + 1 + 1', '2016-12-01 14:05:21', '2016-12-01 14:15:16'),
(1143, 10, 5, 22, 28, 10, 0.07, ' + 1 + 1 + 1 + 1 + 1 + 1 + 1 + 2 + 1 + 1 + 1 + 1 + 1', '2016-12-01 14:05:21', '2016-12-01 14:15:16'),
(1144, 131, 5, 11, 4, 10, 0.07, ' + 1 + 1 + 1 + 1 + 1 + 1 + 1 + 2 + 1 + 1 + 1 + 1 + 1', '2016-12-01 14:05:21', '2016-12-01 14:15:16'),
(1145, 84, 6, 16, 28, 10, 0.07, ' + 1 + 1 + 1 + 1 + 1 + 1 + 1 + 2 + 1 + 1 + 1 + 1 + 1', '2016-12-01 14:05:21', '2016-12-01 14:15:16'),
(1146, 68, 7, 15, 31, 10, 0.07, ' + 1 + 1 + 1 + 1 + 1 + 1 + 1 + 2 + 1 + 1 + 1 + 1 + 1', '2016-12-01 14:05:21', '2016-12-01 14:15:16'),
(1147, 122, 7, 10, 22, 10, 0.07, ' + 1 + 1 + 1 + 1 + 1 + 1 + 1 + 2 + 1 + 1 + 1 + 1 + 1', '2016-12-01 14:05:21', '2016-12-01 14:15:16'),
(1148, 52, 4, 27, 16, 10, 0.07, ' + 1 + 1 + 1 + 1 + 1 + 1 + 1 + 2 + 1 + 1 + 1 + 1 + 1', '2016-12-01 14:05:21', '2016-12-01 14:15:16'),
(1149, 131, 8, 23, 4, 10, 0.07, ' + 1 + 1 + 1 + 1 + 1 + 1 + 1 + 2 + 1 + 1 + 1 + 1 + 1', '2016-12-01 14:05:21', '2016-12-01 14:15:17'),
(1150, 83, 7, 7, 21, 10, 0.07, ' + 1 + 1 + 1 + 1 + 1 + 1 + 1 + 2 + 1 + 1 + 1 + 1 + 1', '2016-12-01 14:05:21', '2016-12-01 14:15:17'),
(1151, 93, 5, 7, 4, 10, 0.07, ' + 1 + 1 + 1 + 1 + 1 + 1 + 1 + 2 + 1 + 1 + 1 + 1 + 1', '2016-12-01 14:05:21', '2016-12-01 14:15:17'),
(1152, 125, 7, 15, 13, 10, 0.07, ' + 1 + 1 + 1 + 1 + 1 + 1 + 1 + 2 + 1 + 1 + 1 + 1 + 1', '2016-12-01 14:05:21', '2016-12-01 14:15:17'),
(1153, 38, 7, 21, 5, 10, 0.07, ' + 1 + 1 + 1 + 1 + 1 + 1 + 1 + 2 + 1 + 1 + 1 + 1 + 1', '2016-12-01 14:05:21', '2016-12-01 14:15:17'),
(1154, 31, 6, 28, 28, 10, 0.07, ' + 1 + 1 + 1 + 1 + 1 + 1 + 1 + 2 + 1 + 1 + 1 + 1 + 1', '2016-12-01 14:05:21', '2016-12-01 14:15:17'),
(1155, 15, 9, 7, 27, 10, 0.07, ' + 1 + 1 + 1 + 1 + 1 + 1 + 1 + 2 + 1 + 1 + 1 + 1 + 1', '2016-12-01 14:05:21', '2016-12-01 14:15:17'),
(1156, 51, 7, 10, 22, 10, 0.07, ' + 1 + 1 + 1 + 1 + 1 + 1 + 1 + 2 + 1 + 1 + 1 + 1 + 1', '2016-12-01 14:05:21', '2016-12-01 14:15:17'),
(1157, 33, 9, 24, 12, 10, 0.07, ' + 1 + 1 + 1 + 1 + 1 + 1 + 1 + 2 + 1 + 1 + 1 + 1 + 1', '2016-12-01 14:05:21', '2016-12-01 14:15:17'),
(1158, 48, 4, 28, 18, 10, 0.07, ' + 1 + 1 + 1 + 1 + 1 + 1 + 1 + 2 + 1 + 1 + 1 + 1 + 1', '2016-12-01 14:05:21', '2016-12-01 14:15:17'),
(1159, 54, 5, 28, 15, 10, 0.07, ' + 1 + 1 + 1 + 1 + 1 + 1 + 1 + 2 + 1 + 1 + 1 + 1 + 1', '2016-12-01 14:05:22', '2016-12-01 14:15:17'),
(1160, 41, 4, 19, 4, 10, 0.07, ' + 1 + 1 + 1 + 1 + 1 + 1 + 1 + 2 + 1 + 1 + 1 + 1 + 1', '2016-12-01 14:05:22', '2016-12-01 14:15:17'),
(1161, 72, 5, 24, 15, 10, 0.06, ' + 1 + 1 + 1 + 1 + 1 + 1 + 1 + 2 + 1 + 1 + 1 + 1 + 1+ 1 ', '2016-12-01 14:05:22', '2016-12-01 14:15:17'),
(1162, 117, 5, 16, 13, 10, 0.07, ' + 1 + 1 + 1 + 1 + 1 + 1 + 1 + 2 + 1 + 1 + 1 + 1 + 1', '2016-12-01 14:05:22', '2016-12-01 14:15:17'),
(1163, 66, 9, 16, 28, 10, 0.07, ' + 1 + 1 + 1 + 1 + 1 + 1 + 1 + 2 + 1 + 1 + 1 + 1 + 1', '2016-12-01 14:05:22', '2016-12-01 14:15:17'),
(1164, 85, 4, 20, 8, 10, 0.07, ' + 1 + 1 + 1 + 1 + 1 + 1 + 1 + 2 + 1 + 1 + 1 + 1 + 1', '2016-12-01 14:05:22', '2016-12-01 14:15:17'),
(1165, 126, 4, 16, 30, 10, 0.07, ' + 1 + 1 + 1 + 1 + 1 + 1 + 1 + 2 + 1 + 1 + 1 + 1 + 1', '2016-12-01 14:05:22', '2016-12-01 14:15:17'),
(1166, 22, 8, 24, 26, 10, 0.07, ' + 1 + 1 + 1 + 1 + 1 + 1 + 1 + 2 + 1 + 1 + 1 + 1 + 1', '2016-12-01 14:05:22', '2016-12-01 14:15:17'),
(1167, 37, 5, 24, 18, 10, 0.06, ' + 1 + 1 + 1 + 1 + 1 + 1 + 1 + 2 + 1 + 1 + 1 + 1 + 1+ 1 ', '2016-12-01 14:05:22', '2016-12-01 14:15:17'),
(1168, 93, 4, 28, 5, 10, 0.07, ' + 1 + 1 + 1 + 1 + 1 + 1 + 1 + 2 + 1 + 1 + 1 + 1 + 1', '2016-12-01 14:05:22', '2016-12-01 14:15:17'),
(1169, 14, 8, 27, 22, 10, 0.07, ' + 1 + 1 + 1 + 1 + 1 + 1 + 1 + 2 + 1 + 1 + 1 + 1 + 1', '2016-12-01 14:05:22', '2016-12-01 14:15:17'),
(1170, 32, 6, 16, 13, 10, 0.07, ' + 1 + 1 + 1 + 1 + 1 + 1 + 1 + 2 + 1 + 1 + 1 + 1 + 1', '2016-12-01 14:05:22', '2016-12-01 14:15:17'),
(1171, 105, 9, 17, 5, 10, 0.07, ' + 1 + 1 + 1 + 1 + 1 + 1 + 1 + 2 + 1 + 1 + 1 + 1 + 1', '2016-12-01 14:05:22', '2016-12-01 14:15:17'),
(1172, 108, 4, 8, 4, 10, 0.07, ' + 1 + 1 + 1 + 1 + 1 + 1 + 1 + 2 + 1 + 1 + 1 + 1 + 1', '2016-12-01 14:05:22', '2016-12-01 14:15:17'),
(1173, 16, 7, 30, 19, 10, 0.07, ' + 1 + 1 + 1 + 1 + 1 + 1 + 1 + 2 + 1 + 1 + 1 + 1 + 1', '2016-12-01 14:05:22', '2016-12-01 14:15:17'),
(1174, 81, 6, 15, 17, 10, 0.07, ' + 1 + 1 + 1 + 1 + 1 + 1 + 1 + 2 + 1 + 1 + 1 + 1 + 1', '2016-12-01 14:05:22', '2016-12-01 14:15:17'),
(1175, 115, 9, 10, 26, 10, 0.07, ' + 1 + 1 + 1 + 1 + 1 + 1 + 1 + 2 + 1 + 1 + 1 + 1 + 1', '2016-12-01 14:05:22', '2016-12-01 14:15:17'),
(1176, 69, 7, 15, 13, 10, 0.07, ' + 1 + 1 + 1 + 1 + 1 + 1 + 1 + 2 + 1 + 1 + 1 + 1 + 1', '2016-12-01 14:05:22', '2016-12-01 14:15:17'),
(1177, 130, 9, 12, 5, 10, 0.07, ' + 1 + 1 + 1 + 1 + 1 + 1 + 1 + 2 + 1 + 1 + 1 + 1 + 1', '2016-12-01 14:05:22', '2016-12-01 14:15:17'),
(1178, 51, 7, 30, 21, 10, 0.07, ' + 1 + 1 + 1 + 1 + 1 + 1 + 1 + 2 + 1 + 1 + 1 + 1 + 1', '2016-12-01 14:05:22', '2016-12-01 14:15:17'),
(1179, 14, 5, 27, 20, 10, 0.07, ' + 1 + 1 + 1 + 1 + 1 + 1 + 1 + 2 + 1 + 1 + 1 + 1 + 1', '2016-12-01 14:05:22', '2016-12-01 14:15:17'),
(1180, 27, 8, 28, 22, 10, 0.07, ' + 1 + 1 + 1 + 1 + 1 + 1 + 1 + 2 + 1 + 1 + 1 + 1 + 1', '2016-12-01 14:05:22', '2016-12-01 14:15:17'),
(1181, 20, 4, 18, 15, 10, 0.07, ' + 1 + 1 + 1 + 1 + 1 + 1 + 1 + 2 + 1 + 1 + 1 + 1 + 1', '2016-12-01 14:05:22', '2016-12-01 14:15:17'),
(1182, 115, 9, 30, 28, 10, 0.07, ' + 1 + 1 + 1 + 1 + 1 + 1 + 1 + 2 + 1 + 1 + 1 + 1 + 1', '2016-12-01 14:05:22', '2016-12-01 14:15:17'),
(1183, 25, 8, 24, 11, 10, 0.07, ' + 1 + 1 + 1 + 1 + 1 + 1 + 1 + 2 + 1 + 1 + 1 + 1 + 1', '2016-12-01 14:05:22', '2016-12-01 14:15:17'),
(1184, 19, 4, 27, 9, 10, 0.07, ' + 1 + 1 + 1 + 1 + 1 + 1 + 1 + 2 + 1 + 1 + 1 + 1 + 1', '2016-12-01 14:05:22', '2016-12-01 14:15:17'),
(1185, 12, 4, 28, 10, 10, 0.07, ' + 1 + 1 + 1 + 1 + 1 + 1 + 1 + 2 + 1 + 1 + 1 + 1 + 1', '2016-12-01 14:05:22', '2016-12-01 14:15:17'),
(1186, 53, 5, 28, 8, 10, 0.07, ' + 1 + 1 + 1 + 1 + 1 + 1 + 1 + 2 + 1 + 1 + 1 + 1 + 1', '2016-12-01 14:05:22', '2016-12-01 14:15:17'),
(1187, 29, 4, 7, 19, 10, 0.07, ' + 1 + 1 + 1 + 1 + 1 + 1 + 1 + 2 + 1 + 1 + 1 + 1 + 1', '2016-12-01 14:05:22', '2016-12-01 14:15:17'),
(1188, 23, 4, 7, 13, 10, 0.07, ' + 1 + 1 + 1 + 1 + 1 + 1 + 1 + 2 + 1 + 1 + 1 + 1 + 1', '2016-12-01 14:05:22', '2016-12-01 14:15:17'),
(1189, 118, 7, 7, 23, 10, 0.07, ' + 1 + 1 + 1 + 1 + 1 + 1 + 1 + 2 + 1 + 1 + 1 + 1 + 1', '2016-12-01 14:05:22', '2016-12-01 14:15:17'),
(1190, 68, 5, 22, 27, 10, 0.07, ' + 1 + 1 + 1 + 1 + 1 + 1 + 1 + 2 + 1 + 1 + 1 + 1 + 1', '2016-12-01 14:05:22', '2016-12-01 14:15:17'),
(1191, 29, 8, 16, 14, 10, 0.07, ' + 1 + 1 + 1 + 1 + 1 + 1 + 1 + 2 + 1 + 1 + 1 + 1 + 1', '2016-12-01 14:05:22', '2016-12-01 14:15:17'),
(1192, 52, 5, 22, 8, 10, 0.07, ' + 1 + 1 + 1 + 1 + 1 + 1 + 1 + 2 + 1 + 1 + 1 + 1 + 1', '2016-12-01 14:05:22', '2016-12-01 14:15:17'),
(1193, 70, 7, 18, 31, 10, 0.07, ' + 1 + 1 + 1 + 1 + 1 + 1 + 1 + 2 + 1 + 1 + 1 + 1 + 1', '2016-12-01 14:05:22', '2016-12-01 14:15:17'),
(1194, 14, 7, 27, 16, 10, 0.07, ' + 1 + 1 + 1 + 1 + 1 + 1 + 1 + 2 + 1 + 1 + 1 + 1 + 1', '2016-12-01 14:05:22', '2016-12-01 14:15:17'),
(1195, 108, 4, 12, 6, 10, 0.07, ' + 1 + 1 + 1 + 1 + 1 + 1 + 1 + 2 + 1 + 1 + 1 + 1 + 1', '2016-12-01 14:05:22', '2016-12-01 14:15:17'),
(1196, 38, 8, 8, 4, 10, 0.07, ' + 1 + 1 + 1 + 1 + 1 + 1 + 1 + 2 + 1 + 1 + 1 + 1 + 1', '2016-12-01 14:05:22', '2016-12-01 14:15:17'),
(1197, 10, 9, 22, 15, 10, 0.07, ' + 1 + 1 + 1 + 1 + 1 + 1 + 1 + 2 + 1 + 1 + 1 + 1 + 1', '2016-12-01 14:05:22', '2016-12-01 14:15:17'),
(1198, 75, 4, 10, 11, 10, 0.07, ' + 1 + 1 + 1 + 1 + 1 + 1 + 1 + 2 + 1 + 1 + 1 + 1 + 1', '2016-12-01 14:05:22', '2016-12-01 14:15:17'),
(1199, 77, 6, 28, 18, 10, 0.07, ' + 1 + 1 + 1 + 1 + 1 + 1 + 1 + 2 + 1 + 1 + 1 + 1 + 1', '2016-12-01 14:05:22', '2016-12-01 14:15:17'),
(1200, 9, 7, 20, 4, 10, 0.07, ' + 1 + 1 + 1 + 1 + 1 + 1 + 1 + 2 + 1 + 1 + 1 + 1 + 1', '2016-12-01 14:05:22', '2016-12-01 14:15:17'),
(1201, 51, 9, 30, 28, 10, 0.07, ' + 1 + 1 + 1 + 1 + 1 + 1 + 1 + 2 + 1 + 1 + 1 + 1 + 1', '2016-12-01 14:05:22', '2016-12-01 14:15:17'),
(1202, 101, 4, 9, 4, 10, 0.07, ' + 1 + 1 + 1 + 1 + 1 + 1 + 1 + 2 + 1 + 1 + 1 + 1 + 1', '2016-12-01 14:05:22', '2016-12-01 14:15:17'),
(1203, 116, 6, 24, 28, 10, 0.07, ' + 1 + 1 + 1 + 1 + 1 + 1 + 1 + 2 + 1 + 1 + 1 + 1 + 1', '2016-12-01 14:05:22', '2016-12-01 14:15:17'),
(1204, 113, 6, 23, 4, 10, 0.07, ' + 1 + 1 + 1 + 1 + 1 + 1 + 1 + 2 + 1 + 1 + 1 + 1 + 1', '2016-12-01 14:05:22', '2016-12-01 14:15:17'),
(1205, 120, 8, 26, 23, 10, 0.07, ' + 1 + 1 + 1 + 1 + 1 + 1 + 1 + 2 + 1 + 1 + 1 + 1 + 1', '2016-12-01 14:05:22', '2016-12-01 14:15:17'),
(1206, 12, 5, 16, 4, 10, 0.07, ' + 1 + 1 + 1 + 1 + 1 + 1 + 1 + 2 + 1 + 1 + 1 + 1 + 1', '2016-12-01 14:05:22', '2016-12-01 14:15:17'),
(1207, 66, 7, 28, 12, 10, 0.07, ' + 1 + 1 + 1 + 1 + 1 + 1 + 1 + 2 + 1 + 1 + 1 + 1 + 1', '2016-12-01 14:05:22', '2016-12-01 14:15:17'),
(1208, 17, 4, 16, 8, 10, 0.07, ' + 1 + 1 + 1 + 1 + 1 + 1 + 1 + 2 + 1 + 1 + 1 + 1 + 1', '2016-12-01 14:05:22', '2016-12-01 14:15:17'),
(1209, 95, 6, 12, 10, 10, 0.07, ' + 1 + 1 + 1 + 1 + 1 + 1 + 1 + 2 + 1 + 1 + 1 + 1 + 1', '2016-12-01 14:05:22', '2016-12-01 14:15:17'),
(1210, 120, 8, 26, 9, 10, 0.07, ' + 1 + 1 + 1 + 1 + 1 + 1 + 1 + 2 + 1 + 1 + 1 + 1 + 1', '2016-12-01 14:05:22', '2016-12-01 14:15:17'),
(1211, 7, 8, 28, 6, 10, 0.07, ' + 1 + 1 + 1 + 1 + 1 + 1 + 1 + 2 + 1 + 1 + 1 + 1 + 1', '2016-12-01 14:05:22', '2016-12-01 14:15:17'),
(1212, 14, 9, 15, 21, 10, 0.07, ' + 1 + 1 + 1 + 1 + 1 + 1 + 1 + 2 + 1 + 1 + 1 + 1 + 1', '2016-12-01 14:05:22', '2016-12-01 14:15:17'),
(1213, 87, 6, 16, 26, 10, 0.07, ' + 1 + 1 + 1 + 1 + 1 + 1 + 1 + 2 + 1 + 1 + 1 + 1 + 1', '2016-12-01 14:05:22', '2016-12-01 14:15:17'),
(1214, 99, 9, 21, 10, 10, 0.07, ' + 1 + 1 + 1 + 1 + 1 + 1 + 1 + 2 + 1 + 1 + 1 + 1 + 1', '2016-12-01 14:05:22', '2016-12-01 14:15:17'),
(1215, 28, 5, 22, 15, 10, 0.07, ' + 1 + 1 + 1 + 1 + 1 + 1 + 1 + 2 + 1 + 1 + 1 + 1 + 1', '2016-12-01 14:05:22', '2016-12-01 14:15:17'),
(1216, 109, 5, 6, 5, 10, 0.07, ' + 1 + 1 + 1 + 1 + 1 + 1 + 1 + 2 + 1 + 1 + 1 + 1 + 1', '2016-12-01 14:05:22', '2016-12-01 14:15:17'),
(1217, 60, 5, 7, 22, 10, 0.07, ' + 1 + 1 + 1 + 1 + 1 + 1 + 1 + 2 + 1 + 1 + 1 + 1 + 1', '2016-12-01 14:05:22', '2016-12-01 14:15:17'),
(1218, 101, 8, 25, 4, 10, 0.07, ' + 1 + 1 + 1 + 1 + 1 + 1 + 1 + 2 + 1 + 1 + 1 + 1 + 1', '2016-12-01 14:05:22', '2016-12-01 14:15:17'),
(1219, 35, 8, 10, 4, 10, 0.07, ' + 1 + 1 + 1 + 1 + 1 + 1 + 1 + 2 + 1 + 1 + 1 + 1 + 1', '2016-12-01 14:05:22', '2016-12-01 14:15:17'),
(1220, 60, 6, 10, 19, 10, 0.07, ' + 1 + 1 + 1 + 1 + 1 + 1 + 1 + 2 + 1 + 1 + 1 + 1 + 1', '2016-12-01 14:05:22', '2016-12-01 14:15:17'),
(1221, 53, 5, 7, 11, 10, 0.07, ' + 1 + 1 + 1 + 1 + 1 + 1 + 1 + 2 + 1 + 1 + 1 + 1 + 1', '2016-12-01 14:05:22', '2016-12-01 14:15:17'),
(1222, 66, 9, 28, 14, 10, 0.07, ' + 1 + 1 + 1 + 1 + 1 + 1 + 1 + 2 + 1 + 1 + 1 + 1 + 1', '2016-12-01 14:05:22', '2016-12-01 14:15:17'),
(1223, 114, 6, 6, 5, 10, 0.07, ' + 1 + 1 + 1 + 1 + 1 + 1 + 1 + 2 + 1 + 1 + 1 + 1 + 1', '2016-12-01 14:05:22', '2016-12-01 14:15:17'),
(1224, 60, 8, 7, 16, 10, 0.07, ' + 1 + 1 + 1 + 1 + 1 + 1 + 1 + 2 + 1 + 1 + 1 + 1 + 1', '2016-12-01 14:05:23', '2016-12-01 14:15:17'),
(1225, 52, 6, 15, 31, 10, 0.07, ' + 1 + 1 + 1 + 1 + 1 + 1 + 1 + 2 + 1 + 1 + 1 + 1 + 1', '2016-12-01 14:05:23', '2016-12-01 14:15:17'),
(1226, 94, 5, 16, 5, 10, 0.07, ' + 1 + 1 + 1 + 1 + 1 + 1 + 1 + 2 + 1 + 1 + 1 + 1 + 1', '2016-12-01 14:05:23', '2016-12-01 14:15:17'),
(1227, 100, 9, 11, 10, 10, 0.07, ' + 1 + 1 + 1 + 1 + 1 + 1 + 1 + 2 + 1 + 1 + 1 + 1 + 1', '2016-12-01 14:05:23', '2016-12-01 14:15:17'),
(1228, 92, 5, 24, 10, 10, 0.06, ' + 1 + 1 + 1 + 1 + 1 + 1 + 1 + 2 + 1 + 1 + 1 + 1 + 1+ 1 ', '2016-12-01 14:05:23', '2016-12-01 14:15:17'),
(1229, 18, 7, 10, 8, 10, 0.07, ' + 1 + 1 + 1 + 1 + 1 + 1 + 1 + 2 + 1 + 1 + 1 + 1 + 1', '2016-12-01 14:05:23', '2016-12-01 14:15:17'),
(1230, 127, 5, 7, 17, 10, 0.07, ' + 1 + 1 + 1 + 1 + 1 + 1 + 1 + 2 + 1 + 1 + 1 + 1 + 1', '2016-12-01 14:05:23', '2016-12-01 14:15:17');

-- --------------------------------------------------------

--
-- Table structure for table `teachs`
--

CREATE TABLE `teachs` (
  `id` int(10) UNSIGNED NOT NULL,
  `courses_id` int(10) UNSIGNED DEFAULT NULL,
  `lecturers_id` int(10) UNSIGNED DEFAULT NULL,
  `class_room` varchar(255) COLLATE utf8_unicode_ci NOT NULL,
  `year` varchar(255) COLLATE utf8_unicode_ci NOT NULL,
  `created_at` timestamp NULL DEFAULT NULL,
  `updated_at` timestamp NULL DEFAULT NULL
) ENGINE=InnoDB DEFAULT CHARSET=utf8 COLLATE=utf8_unicode_ci;

--
-- Dumping data for table `teachs`
--

INSERT INTO `teachs` (`id`, `courses_id`, `lecturers_id`, `class_room`, `year`, `created_at`, `updated_at`) VALUES
(7, 5, 4, 'R01', '2015-2016', '2016-11-04 03:33:02', '2016-11-16 01:14:43'),
(8, 6, 5, 'R01', '2015-2016', '2016-11-04 03:33:24', '2016-11-16 01:14:51'),
(9, 7, 7, 'R01', '2015-2016', '2016-11-04 03:33:47', '2016-11-16 01:14:58'),
(10, 8, 26, 'R01', '2015-2016', '2016-11-04 03:38:00', '2016-11-16 01:15:05'),
(11, 9, 9, 'R01', '2015-2016', '2016-11-04 03:38:29', '2016-11-16 01:15:12'),
(12, 52, 10, 'R01', '2015-2016', '2016-11-04 03:45:28', '2016-11-16 01:15:19'),
(13, 10, 11, 'R01', '2015-2016', '2016-11-04 03:45:59', '2016-11-16 01:15:26'),
(14, 11, 4, 'R01', '2015-2016', '2016-11-04 03:46:21', '2016-11-16 01:15:32'),
(15, 12, 13, 'R01', '2015-2016', '2016-11-04 03:46:58', '2016-11-16 01:15:41'),
(16, 13, 11, 'R01', '2015-2016', '2016-11-04 03:47:18', '2016-11-16 01:15:47'),
(17, 14, 11, 'R01', '2015-2016', '2016-11-04 03:47:40', '2016-11-16 01:15:56'),
(18, 15, 12, 'R01', '2015-2016', '2016-11-04 03:47:58', '2016-11-16 01:16:06'),
(19, 16, 8, 'R01', '2015-2016', '2016-11-04 03:48:25', '2016-11-16 01:16:14'),
(20, 17, 9, 'R01', '2015-2016', '2016-11-04 03:48:55', '2016-11-16 01:16:21'),
(21, 18, 11, 'R01', '2015-2016', '2016-11-04 03:55:55', '2016-11-16 01:16:29'),
(22, 19, 5, 'R01', '2015-2016', '2016-11-04 03:56:25', '2016-11-26 02:38:50'),
(23, 20, 6, 'R01', '2015-2016', '2016-11-04 03:57:07', '2016-11-16 01:16:43'),
(24, 21, 8, 'R01', '2015-2016', '2016-11-04 03:57:30', '2016-11-16 01:16:49'),
(25, 23, 4, 'R01', '2015-2016', '2016-11-04 03:57:52', '2016-11-16 01:16:59'),
(26, 24, 4, 'R01', '2015-2016', '2016-11-04 03:58:07', '2016-11-16 01:17:07'),
(27, 25, 17, 'R01', '2015-2016', '2016-11-04 03:58:29', '2016-11-16 01:17:15'),
(28, 26, 18, 'R01', '2015-2016', '2016-11-04 03:58:46', '2016-11-16 01:17:23'),
(29, 27, 9, 'R01', '2015-2016', '2016-11-04 03:59:08', '2016-11-16 01:17:42'),
(30, 28, 7, 'R01', '2015-2016', '2016-11-04 03:59:28', '2016-11-16 01:17:52'),
(31, 29, 19, 'R01', '2015-2016', '2016-11-04 03:59:45', '2016-11-16 01:18:00'),
(32, 30, 15, 'R01', '2015-2016', '2016-11-04 04:00:15', '2016-11-16 01:18:08'),
(33, 31, 20, 'R01', '2015-2016', '2016-11-04 04:00:37', '2016-11-16 01:18:20'),
(34, 32, 23, 'R01', '2015-2016', '2016-11-04 04:01:04', '2016-11-16 01:18:30'),
(35, 33, 24, 'R01', '2015-2016', '2016-11-04 04:01:23', '2016-11-16 01:18:42'),
(36, 34, 10, 'R01', '2015-2016', '2016-11-04 04:01:44', '2016-11-16 01:18:49'),
(37, 35, 15, 'R01', '2015-2016', '2016-11-04 04:02:03', '2016-11-16 01:18:56'),
(38, 36, 20, 'R01', '2015-2016', '2016-11-04 04:02:45', '2016-11-16 01:19:04'),
(39, 37, 21, 'R01', '2015-2016', '2016-11-04 04:03:20', '2016-11-16 01:19:12'),
(40, 38, 5, 'R01', '2015-2016', '2016-11-04 04:03:39', '2016-11-16 01:19:21'),
(41, 39, 7, 'R01', '2015-2016', '2016-11-04 04:05:31', '2016-11-16 01:19:28'),
(42, 40, 20, 'R01', '2015-2016', '2016-11-04 04:06:04', '2016-11-16 01:19:35'),
(43, 32, 23, 'R02', '2015-2016', '2016-11-04 04:06:32', '2016-11-26 02:42:09'),
(45, 43, 25, 'R01', '2015-2016', '2016-11-04 04:07:23', '2016-11-16 01:19:53'),
(46, 44, 7, 'R01', '2015-2016', '2016-11-04 04:08:07', '2016-11-16 01:19:58'),
(47, 45, 5, 'R01', '2015-2016', '2016-11-04 04:08:23', '2016-11-16 01:20:03'),
(48, 46, 11, 'R01', '2015-2016', '2016-11-04 04:08:40', '2016-11-16 01:20:10'),
(49, 47, 11, 'R01', '2015-2016', '2016-11-04 04:09:00', '2016-11-16 01:20:15'),
(50, 48, 8, 'R01', '2015-2016', '2016-11-04 04:09:26', '2016-11-16 01:20:21'),
(51, 49, 12, 'R01', '2015-2016', '2016-11-04 04:09:45', '2016-11-16 01:20:25'),
(52, 50, 4, 'R01', '2015-2016', '2016-11-04 04:10:11', '2016-11-16 01:20:29'),
(53, 51, 7, 'R01', '2015-2016', '2016-11-04 04:10:32', '2016-11-16 01:20:33'),
(54, 22, 22, 'R01', '2015-2016', '2016-11-04 04:13:08', '2016-11-16 01:20:38'),
(55, 6, 5, 'R02', '2015-2016', '2016-11-26 01:41:34', '2016-11-26 01:41:34'),
(56, 6, 6, 'R03', '2015-2016', '2016-11-26 01:42:02', '2016-11-26 01:42:02'),
(57, 6, 5, 'R04', '2015-2016', '2016-11-26 01:42:21', '2016-11-26 01:42:21'),
(58, 8, 26, 'R02', '2015-2016', '2016-11-26 01:43:09', '2016-11-26 01:43:09'),
(59, 8, 8, 'R03', '2015-2016', '2016-11-26 01:43:29', '2016-11-26 01:43:29'),
(60, 9, 9, 'R02', '2015-2016', '2016-11-26 01:44:21', '2016-11-26 01:44:21'),
(61, 10, 11, 'R02', '2015-2016', '2016-11-26 01:46:20', '2016-11-26 01:46:20'),
(62, 11, 4, 'R02', '2015-2016', '2016-11-26 01:46:41', '2016-11-26 01:46:41'),
(63, 11, 5, 'R03', '2015-2016', '2016-11-26 01:46:56', '2016-11-26 01:46:56'),
(65, 11, 5, 'R04', '2015-2016', '2016-11-26 01:52:46', '2016-11-26 01:52:46'),
(66, 13, 11, 'R02', '2015-2016', '2016-11-26 01:54:12', '2016-11-26 01:54:12'),
(67, 16, 8, 'R02', '2015-2016', '2016-11-26 01:54:36', '2016-11-26 01:54:36'),
(68, 16, 8, 'R03', '2015-2016', '2016-11-26 01:54:57', '2016-11-26 01:54:57'),
(69, 16, 5, 'R04', '2015-2016', '2016-11-26 01:55:31', '2016-11-26 01:55:31'),
(70, 17, 14, 'R02', '2015-2016', '2016-11-26 01:56:03', '2016-11-26 01:56:03'),
(71, 17, 15, 'R03', '2015-2016', '2016-11-26 01:56:16', '2016-11-26 01:56:16'),
(72, 19, 5, 'R02', '2015-2016', '2016-11-26 01:56:54', '2016-11-26 01:56:54'),
(73, 19, 6, 'R03', '2015-2016', '2016-11-26 01:57:07', '2016-11-26 01:57:07'),
(74, 19, 6, 'R04', '2015-2016', '2016-11-26 01:57:18', '2016-11-26 01:57:18'),
(75, 23, 4, 'R02', '2015-2016', '2016-11-26 01:57:39', '2016-11-26 01:57:39'),
(76, 23, 4, 'R03', '2015-2016', '2016-11-26 01:57:53', '2016-11-26 01:57:53'),
(77, 23, 4, 'R04', '2015-2016', '2016-11-26 01:59:18', '2016-11-26 01:59:18'),
(78, 24, 4, 'R02', '2015-2016', '2016-11-26 01:59:46', '2016-11-26 01:59:46'),
(79, 24, 16, 'R03', '2015-2016', '2016-11-26 02:00:03', '2016-11-26 02:00:03'),
(80, 26, 18, 'R02', '2015-2016', '2016-11-26 02:01:48', '2016-11-26 02:01:48'),
(81, 26, 18, 'R03', '2015-2016', '2016-11-26 02:02:22', '2016-11-26 02:02:22'),
(82, 27, 9, 'R02', '2015-2016', '2016-11-26 02:03:12', '2016-11-26 02:03:18'),
(83, 27, 9, 'R03', '2015-2016', '2016-11-26 02:03:38', '2016-11-26 02:03:38'),
(84, 28, 7, 'R02', '2015-2016', '2016-11-26 02:04:34', '2016-11-26 02:04:34'),
(85, 28, 7, 'R03', '2015-2016', '2016-11-26 02:04:58', '2016-11-26 02:04:58'),
(86, 31, 21, 'R02', '2015-2016', '2016-11-26 02:06:00', '2016-11-26 02:06:00'),
(87, 31, 22, 'R03', '2015-2016', '2016-11-26 02:08:58', '2016-11-26 02:08:58'),
(88, 31, 22, 'R04', '2015-2016', '2016-11-26 02:09:20', '2016-11-26 02:09:20'),
(90, 32, 23, 'R03', '2015-2016', '2016-11-26 02:10:14', '2016-11-26 02:10:14'),
(91, 33, 24, 'R02', '2015-2016', '2016-11-26 02:11:20', '2016-11-26 02:11:20'),
(92, 33, 14, 'R03', '2015-2016', '2016-11-26 02:11:36', '2016-11-26 02:11:36'),
(93, 34, 10, 'R02', '2015-2016', '2016-11-26 02:12:38', '2016-11-26 02:12:38'),
(94, 34, 10, 'R03', '2015-2016', '2016-11-26 02:12:53', '2016-11-26 02:12:53'),
(95, 36, 5, 'R02', '2015-2016', '2016-11-26 02:13:51', '2016-11-26 02:13:51'),
(96, 36, 20, 'R03', '2015-2016', '2016-11-26 02:14:10', '2016-11-26 02:14:10'),
(97, 36, 5, 'R04', '2015-2016', '2016-11-26 02:14:24', '2016-11-26 02:14:24'),
(98, 38, 6, 'R04', '2015-2016', '2016-11-26 02:14:55', '2016-11-26 02:44:11'),
(99, 38, 6, 'R03', '2015-2016', '2016-11-26 02:15:07', '2016-11-26 02:15:07'),
(100, 39, 7, 'R02', '2015-2016', '2016-11-26 02:16:01', '2016-11-26 02:16:01'),
(101, 39, 7, 'R03', '2015-2016', '2016-11-26 02:16:18', '2016-11-26 02:16:18'),
(102, 40, 5, 'R02', '2015-2016', '2016-11-26 02:17:40', '2016-11-26 02:17:40'),
(103, 40, 5, 'R03', '2015-2016', '2016-11-26 02:18:03', '2016-11-26 02:18:03'),
(104, 40, 22, 'R04', '2015-2016', '2016-11-26 02:18:31', '2016-11-26 02:18:31'),
(105, 41, 23, 'R02', '2015-2016', '2016-11-26 02:22:05', '2016-11-26 02:22:05'),
(106, 41, 23, 'R03', '2015-2016', '2016-11-26 02:22:40', '2016-11-26 02:22:40'),
(107, 42, 7, 'R02', '2015-2016', '2016-11-26 02:23:09', '2016-11-26 02:23:56'),
(108, 42, 7, 'R03', '2015-2016', '2016-11-26 02:23:30', '2016-11-26 02:24:06'),
(109, 42, 7, 'R04', '2015-2016', '2016-11-26 02:25:01', '2016-11-26 02:25:01'),
(110, 43, 13, 'R02', '2015-2016', '2016-11-26 02:25:47', '2016-11-26 02:25:47'),
(111, 43, 13, 'R03', '2015-2016', '2016-11-26 02:26:08', '2016-11-26 02:26:08'),
(112, 43, 13, 'R04', '2015-2016', '2016-11-26 02:26:28', '2016-11-26 02:26:28'),
(113, 43, 25, 'R05', '2015-2016', '2016-11-26 02:26:49', '2016-11-26 02:26:49'),
(114, 43, 13, 'R06', '2015-2016', '2016-11-26 02:27:04', '2016-11-26 02:27:04'),
(115, 53, 7, 'R01', '2015-2016', '2016-11-26 02:30:35', '2016-11-26 02:30:35'),
(116, 53, 7, 'R02', '2015-2016', '2016-11-26 02:30:50', '2016-11-26 02:30:50'),
(117, 53, 13, 'R03', '2015-2016', '2016-11-26 02:31:06', '2016-11-26 02:31:06'),
(118, 53, 5, 'R04', '2015-2016', '2016-11-26 02:31:27', '2016-11-26 02:31:27'),
(119, 45, 21, 'R02', '2015-2016', '2016-11-26 02:31:47', '2016-11-26 02:31:47'),
(120, 45, 10, 'R03', '2015-2016', '2016-11-26 02:31:58', '2016-11-26 02:31:58'),
(121, 49, 16, 'R02', '2015-2016', '2016-11-26 02:32:47', '2016-11-26 02:32:47'),
(122, 49, 16, 'R03', '2015-2016', '2016-11-26 02:33:07', '2016-11-26 02:33:07'),
(123, 49, 16, 'R04', '2015-2016', '2016-11-26 02:33:24', '2016-11-26 02:33:24'),
(124, 50, 4, 'R02', '2015-2016', '2016-11-26 02:33:47', '2016-11-26 02:33:47'),
(125, 50, 4, 'R03', '2015-2016', '2016-11-26 02:34:05', '2016-11-26 02:34:05'),
(126, 10, 12, 'R03', '2015-2016', '2016-11-26 02:35:52', '2016-11-26 02:35:52'),
(127, 25, 16, 'R02', '2015-2016', '2016-11-26 02:39:53', '2016-11-26 02:39:53'),
(128, 25, 16, 'R03', '2015-2016', '2016-11-26 02:40:08', '2016-11-26 02:40:08'),
(129, 25, 17, 'R04', '2015-2016', '2016-11-26 02:40:27', '2016-11-26 02:40:27'),
(130, 38, 5, 'R02', '2015-2016', '2016-11-26 02:43:55', '2016-11-26 02:43:55'),
(131, 41, 23, 'R03', '2015-2016', '2016-11-26 02:44:51', '2016-11-26 02:44:51'),
(132, 42, 7, 'R01', '2015-2016', '2016-11-26 02:45:33', '2016-11-26 02:45:33');

-- --------------------------------------------------------

--
-- Table structure for table `timedays`
--

CREATE TABLE `timedays` (
  `id` int(10) UNSIGNED NOT NULL,
  `code_timedays` varchar(255) COLLATE utf8_unicode_ci NOT NULL,
  `days_id` int(10) UNSIGNED DEFAULT NULL,
  `times_id` int(10) UNSIGNED DEFAULT NULL,
  `created_at` timestamp NULL DEFAULT NULL,
  `updated_at` timestamp NULL DEFAULT NULL
) ENGINE=InnoDB DEFAULT CHARSET=utf8 COLLATE=utf8_unicode_ci;

-- --------------------------------------------------------

--
-- Table structure for table `times`
--

CREATE TABLE `times` (
  `id` int(10) UNSIGNED NOT NULL,
  `code_times` varchar(255) COLLATE utf8_unicode_ci NOT NULL,
  `time_begin` varchar(255) COLLATE utf8_unicode_ci NOT NULL,
  `time_finish` varchar(255) COLLATE utf8_unicode_ci NOT NULL,
  `range` varchar(255) COLLATE utf8_unicode_ci NOT NULL,
  `sks` int(11) DEFAULT NULL,
  `created_at` timestamp NULL DEFAULT NULL,
  `updated_at` timestamp NULL DEFAULT NULL
) ENGINE=InnoDB DEFAULT CHARSET=utf8 COLLATE=utf8_unicode_ci;

--
-- Dumping data for table `times`
--

INSERT INTO `times` (`id`, `code_times`, `time_begin`, `time_finish`, `range`, `sks`, `created_at`, `updated_at`) VALUES
(6, '24', '19:00', '19:50', '19:00 - 19:50', 1, '2016-11-04 01:28:36', '2016-12-01 03:13:17'),
(7, '23', '18:00', '19:50', '18:00 - 19:50', 2, '2016-11-04 01:29:07', '2016-12-01 03:13:29'),
(8, '22', '18:00', '18:50', '18:00 - 18:50', 1, '2016-11-04 01:29:30', '2016-12-01 03:13:38'),
(9, '21', '17:00', '17:50', '17:00 - 17:50', 1, '2016-11-04 01:29:49', '2016-12-01 03:13:47'),
(10, '20', '16:00', '17:50', '16:00 - 17:50', 2, '2016-11-04 01:30:30', '2016-12-01 03:13:57'),
(11, '19', '16:00', '16:50', '16:00 - 16:50', 1, '2016-11-04 01:30:48', '2016-12-01 03:14:15'),
(12, '18', '15:00', '15:50', '15:00 - 15:50', 1, '2016-11-04 01:31:09', '2016-12-01 03:14:23'),
(13, '17', '14:00', '14:50', '14:00 - 14:50', 1, '2016-11-04 01:31:24', '2016-12-01 03:14:32'),
(14, '16', '13:00', '13:50', '13:00 - 13:50', 1, '2016-11-04 01:31:41', '2016-12-01 03:14:42'),
(15, '15', '14:00', '16:50', '14:00 - 16:50', 3, '2016-11-04 01:31:57', '2016-12-01 03:14:49'),
(16, '14', '14:00', '15:50', '14:00 - 15:50', 2, '2016-11-04 01:32:11', '2016-12-01 03:14:59'),
(17, '13', '14:00', '14:50', '14:00 - 14:50', 1, '2016-11-08 10:19:12', '2016-12-01 03:15:06'),
(18, '12', '13:00', '16:50', '13:00 - 16:50', 4, '2016-11-08 10:21:32', '2016-12-01 03:15:16'),
(19, '11', '13:00', '13:50', '13:00 - 13:50', 1, '2016-11-08 11:12:24', '2016-12-01 03:15:25'),
(20, '10', '12:00', '13:50', '12:00 - 13:50', 2, '2016-11-08 11:12:49', '2016-12-01 03:15:35'),
(21, '9', '12:00', '12:50', '12:00 - 12:50', 1, '2016-11-08 11:13:23', '2016-12-01 03:15:47'),
(22, '8', '11:00', '13:50', '11:00 - 13:50', 3, '2016-11-08 11:14:16', '2016-12-01 03:15:58'),
(23, '7', '11:00', '11:50', '11:00 - 11:50', 1, '2016-11-08 11:15:14', '2016-12-01 03:16:08'),
(24, '6', '10:00', '11:50', '10:00 - 11:50', 2, '2016-11-08 11:16:14', '2016-12-01 03:16:28'),
(25, '5', '09:00', '09:50', '09:00 - 09:50', 1, '2016-11-08 11:16:56', '2016-12-01 03:16:51'),
(26, '4', '08:00', '11:50', '08:00 - 11:50', 4, '2016-11-08 11:17:24', '2016-12-01 03:17:11'),
(27, '3', '08:00', '10:50', '08:00 - 10:50', 3, '2016-11-08 11:18:01', '2016-12-01 03:17:29'),
(28, '2', '08:00', '09:50', '08:00 - 09:50', 2, '2016-11-08 11:18:34', '2016-12-01 03:17:50'),
(30, '1', '08:00', '09:50', '08:00 - 09:50', 2, '2016-12-01 03:08:33', '2016-12-01 03:18:00');

-- --------------------------------------------------------

--
-- Table structure for table `time_not_available`
--

CREATE TABLE `time_not_available` (
  `id` int(10) UNSIGNED NOT NULL,
  `lecturers_id` int(10) UNSIGNED DEFAULT NULL,
  `days_id` int(10) UNSIGNED DEFAULT NULL,
  `times_id` int(10) UNSIGNED DEFAULT NULL,
  `created_at` timestamp NULL DEFAULT NULL,
  `updated_at` timestamp NULL DEFAULT NULL
) ENGINE=InnoDB DEFAULT CHARSET=utf8 COLLATE=utf8_unicode_ci;

--
-- Dumping data for table `time_not_available`
--

INSERT INTO `time_not_available` (`id`, `lecturers_id`, `days_id`, `times_id`, `created_at`, `updated_at`) VALUES
(1, 26, 5, 16, '2016-11-08 16:03:24', '2016-11-08 16:03:24'),
(2, 25, 7, 9, '2016-11-09 14:16:36', '2016-11-09 14:16:36');

-- --------------------------------------------------------

--
-- Table structure for table `users`
--

CREATE TABLE `users` (
  `id` int(10) UNSIGNED NOT NULL,
  `name` varchar(255) COLLATE utf8_unicode_ci NOT NULL,
  `email` varchar(255) COLLATE utf8_unicode_ci NOT NULL,
  `password` varchar(255) COLLATE utf8_unicode_ci NOT NULL,
  `remember_token` varchar(100) COLLATE utf8_unicode_ci DEFAULT NULL,
  `created_at` timestamp NULL DEFAULT NULL,
  `updated_at` timestamp NULL DEFAULT NULL
) ENGINE=InnoDB DEFAULT CHARSET=utf8 COLLATE=utf8_unicode_ci;

--
-- Dumping data for table `users`
--

INSERT INTO `users` (`id`, `name`, `email`, `password`, `remember_token`, `created_at`, `updated_at`) VALUES
(1, 'admin', 'admin@gmail.com', '$2y$10$hlH9ecuHuFUxUjs4j4k1guSjlDZS7OtqK8sSIsJWSH2mc3ncskNlK', 'VZX2ttTR8S9sw2vLZBvjnhA6P5KzT4c2EI7qWMkiBnNLfrXjXRkmMN6HuQfs', '2016-10-30 07:32:57', '2016-11-17 06:38:50');

--
-- Indexes for dumped tables
--

--
-- Indexes for table `courses`
--
ALTER TABLE `courses`
  ADD PRIMARY KEY (`id`);

--
-- Indexes for table `days`
--
ALTER TABLE `days`
  ADD PRIMARY KEY (`id`);

--
-- Indexes for table `lecturers`
--
ALTER TABLE `lecturers`
  ADD PRIMARY KEY (`id`),
  ADD UNIQUE KEY `lecturers_email_unique` (`email`);

--
-- Indexes for table `migrations`
--
ALTER TABLE `migrations`
  ADD PRIMARY KEY (`id`);

--
-- Indexes for table `rooms`
--
ALTER TABLE `rooms`
  ADD PRIMARY KEY (`id`);

--
-- Indexes for table `schedules`
--
ALTER TABLE `schedules`
  ADD PRIMARY KEY (`id`),
  ADD KEY `schedules_teachs_id_foreign` (`teachs_id`),
  ADD KEY `schedules_days_id_foreign` (`days_id`),
  ADD KEY `schedules_times_id_foreign` (`times_id`),
  ADD KEY `schedules_rooms_id_foreign` (`rooms_id`);

--
-- Indexes for table `teachs`
--
ALTER TABLE `teachs`
  ADD PRIMARY KEY (`id`),
  ADD KEY `teachs_courses_id_foreign` (`courses_id`),
  ADD KEY `teachs_lecturers_id_foreign` (`lecturers_id`);

--
-- Indexes for table `timedays`
--
ALTER TABLE `timedays`
  ADD PRIMARY KEY (`id`),
  ADD KEY `timedays_days_id_foreign` (`days_id`),
  ADD KEY `timedays_times_id_foreign` (`times_id`);

--
-- Indexes for table `times`
--
ALTER TABLE `times`
  ADD PRIMARY KEY (`id`);

--
-- Indexes for table `time_not_available`
--
ALTER TABLE `time_not_available`
  ADD PRIMARY KEY (`id`),
  ADD KEY `time_not_available_lecturers_id_foreign` (`lecturers_id`),
  ADD KEY `time_not_available_days_id_foreign` (`days_id`),
  ADD KEY `time_not_available_times_id_foreign` (`times_id`);

--
-- Indexes for table `users`
--
ALTER TABLE `users`
  ADD PRIMARY KEY (`id`),
  ADD UNIQUE KEY `users_email_unique` (`email`);

--
-- AUTO_INCREMENT for dumped tables
--

--
-- AUTO_INCREMENT for table `courses`
--
ALTER TABLE `courses`
  MODIFY `id` int(10) UNSIGNED NOT NULL AUTO_INCREMENT, AUTO_INCREMENT=54;
--
-- AUTO_INCREMENT for table `days`
--
ALTER TABLE `days`
  MODIFY `id` int(10) UNSIGNED NOT NULL AUTO_INCREMENT, AUTO_INCREMENT=10;
--
-- AUTO_INCREMENT for table `lecturers`
--
ALTER TABLE `lecturers`
  MODIFY `id` int(10) UNSIGNED NOT NULL AUTO_INCREMENT, AUTO_INCREMENT=27;
--
-- AUTO_INCREMENT for table `migrations`
--
ALTER TABLE `migrations`
  MODIFY `id` int(10) UNSIGNED NOT NULL AUTO_INCREMENT, AUTO_INCREMENT=17;
--
-- AUTO_INCREMENT for table `rooms`
--
ALTER TABLE `rooms`
  MODIFY `id` int(10) UNSIGNED NOT NULL AUTO_INCREMENT, AUTO_INCREMENT=32;
--
-- AUTO_INCREMENT for table `schedules`
--
ALTER TABLE `schedules`
  MODIFY `id` int(10) UNSIGNED NOT NULL AUTO_INCREMENT, AUTO_INCREMENT=1231;
--
-- AUTO_INCREMENT for table `teachs`
--
ALTER TABLE `teachs`
  MODIFY `id` int(10) UNSIGNED NOT NULL AUTO_INCREMENT, AUTO_INCREMENT=133;
--
-- AUTO_INCREMENT for table `timedays`
--
ALTER TABLE `timedays`
  MODIFY `id` int(10) UNSIGNED NOT NULL AUTO_INCREMENT;
--
-- AUTO_INCREMENT for table `times`
--
ALTER TABLE `times`
  MODIFY `id` int(10) UNSIGNED NOT NULL AUTO_INCREMENT, AUTO_INCREMENT=32;
--
-- AUTO_INCREMENT for table `time_not_available`
--
ALTER TABLE `time_not_available`
  MODIFY `id` int(10) UNSIGNED NOT NULL AUTO_INCREMENT, AUTO_INCREMENT=3;
--
-- AUTO_INCREMENT for table `users`
--
ALTER TABLE `users`
  MODIFY `id` int(10) UNSIGNED NOT NULL AUTO_INCREMENT, AUTO_INCREMENT=2;
--
-- Constraints for dumped tables
--

--
-- Constraints for table `schedules`
--
ALTER TABLE `schedules`
  ADD CONSTRAINT `schedules_days_id_foreign` FOREIGN KEY (`days_id`) REFERENCES `days` (`id`),
  ADD CONSTRAINT `schedules_rooms_id_foreign` FOREIGN KEY (`rooms_id`) REFERENCES `rooms` (`id`),
  ADD CONSTRAINT `schedules_teachs_id_foreign` FOREIGN KEY (`teachs_id`) REFERENCES `teachs` (`id`),
  ADD CONSTRAINT `schedules_times_id_foreign` FOREIGN KEY (`times_id`) REFERENCES `times` (`id`);

--
-- Constraints for table `teachs`
--
ALTER TABLE `teachs`
  ADD CONSTRAINT `teachs_courses_id_foreign` FOREIGN KEY (`courses_id`) REFERENCES `courses` (`id`),
  ADD CONSTRAINT `teachs_lecturers_id_foreign` FOREIGN KEY (`lecturers_id`) REFERENCES `lecturers` (`id`);

--
-- Constraints for table `timedays`
--
ALTER TABLE `timedays`
  ADD CONSTRAINT `timedays_days_id_foreign` FOREIGN KEY (`days_id`) REFERENCES `days` (`id`),
  ADD CONSTRAINT `timedays_times_id_foreign` FOREIGN KEY (`times_id`) REFERENCES `times` (`id`);

--
-- Constraints for table `time_not_available`
--
ALTER TABLE `time_not_available`
  ADD CONSTRAINT `time_not_available_days_id_foreign` FOREIGN KEY (`days_id`) REFERENCES `days` (`id`),
  ADD CONSTRAINT `time_not_available_lecturers_id_foreign` FOREIGN KEY (`lecturers_id`) REFERENCES `lecturers` (`id`),
  ADD CONSTRAINT `time_not_available_times_id_foreign` FOREIGN KEY (`times_id`) REFERENCES `times` (`id`);

/*!40101 SET CHARACTER_SET_CLIENT=@OLD_CHARACTER_SET_CLIENT */;
/*!40101 SET CHARACTER_SET_RESULTS=@OLD_CHARACTER_SET_RESULTS */;
/*!40101 SET COLLATION_CONNECTION=@OLD_COLLATION_CONNECTION */;
